station,variable,year,month,month_num,value
Astore,max_temp,1984,January,1,1.7
Astore,max_temp,1984,February,2,2.0
Astore,max_temp,1984,March,3,10.8
Astore,max_temp,1984,April,4,14.2
Astore,max_temp,1984,May,5,18.4
Astore,max_temp,1984,June,6,26.6
Astore,max_temp,1984,July,7,26.1
Astore,max_temp,1984,August,8,29.7
Astore,max_temp,1984,September,9,20.9
Astore,max_temp,1984,October,10,17.7
Astore,max_temp,1984,November,11,8.6
Astore,max_temp,1984,December,12,4.1
Astore,max_temp,1985,January,1,1.6
Astore,max_temp,1985,February,2,6.0
Astore,max_temp,1985,March,3,12.1
Astore,max_temp,1985,April,4,16.9
Astore,max_temp,1985,May,5,18.6
Astore,max_temp,1985,June,6,23.5
Astore,max_temp,1985,July,7,29.1
Astore,max_temp,1985,August,8,27.3
Astore,max_temp,1985,September,9,23.7
Astore,max_temp,1985,October,10,16.8
Astore,max_temp,1985,November,11,10.9
Astore,max_temp,1985,December,12,3.4
Astore,max_temp,1986,January,1,1.0
Astore,max_temp,1986,February,2,2.9
Astore,max_temp,1986,March,3,5.6
Astore,max_temp,1986,April,4,12.6
Astore,max_temp,1986,May,5,18.2
Astore,max_temp,1986,June,6,21.7
Astore,max_temp,1986,July,7,27.0
Astore,max_temp,1986,August,8,24.9
Astore,max_temp,1986,September,9,22.5
Astore,max_temp,1986,October,10,18.6
Astore,max_temp,1986,November,11,9.6
Astore,max_temp,1986,December,12,2.2
Astore,max_temp,1987,January,1,1.9
Astore,max_temp,1987,February,2,4.5
Astore,max_temp,1987,March,3,9.5
Astore,max_temp,1987,April,4,14.7
Astore,max_temp,1987,May,5,17.7
Astore,max_temp,1987,June,6,22.2
Astore,max_temp,1987,July,7,24.7
Astore,max_temp,1987,August,8,27.2
Astore,max_temp,1987,September,9,24.7
Astore,max_temp,1987,October,10,13.4
Astore,max_temp,1987,November,11,12.5
Astore,max_temp,1987,December,12,7.3
Astore,max_temp,1988,January,1,3.4
Astore,max_temp,1988,February,2,4.3
Astore,max_temp,1988,March,3,7.2
Astore,max_temp,1988,April,4,16.6
Astore,max_temp,1988,May,5,21.2
Astore,max_temp,1988,June,6,23.6
Astore,max_temp,1988,July,7,27.4
Astore,max_temp,1988,August,8,25.6
Astore,max_temp,1988,September,9,24.0
Astore,max_temp,1988,October,10,16.7
Astore,max_temp,1988,November,11,13.7
Astore,max_temp,1988,December,12,7.0
Astore,max_temp,1989,January,1,2.3
Astore,max_temp,1989,February,2,3.0
Astore,max_temp,1989,March,3,8.9
Astore,max_temp,1989,April,4,13.4
Astore,max_temp,1989,May,5,16.7
Astore,max_temp,1989,June,6,22.5
Astore,max_temp,1989,July,7,23.9
Astore,max_temp,1989,August,8,23.4
Astore,max_temp,1989,September,9,23.9
Astore,max_temp,1989,October,10,18.6
Astore,max_temp,1989,November,11,9.4
Astore,max_temp,1989,December,12,6.1
Astore,max_temp,1990,January,1,4.6
Astore,max_temp,1990,February,2,3.7
Astore,max_temp,1990,March,3,7.3
Astore,max_temp,1990,April,4,14.1
Astore,max_temp,1990,May,5,23.5
Astore,max_temp,1990,June,6,25.4
Astore,max_temp,1990,July,7,28.5
Astore,max_temp,1990,August,8,28.5
Astore,max_temp,1990,September,9,25.2
Astore,max_temp,1990,October,10,18.2
Astore,max_temp,1990,November,11,13.0
Astore,max_temp,1990,December,12,6.6
Astore,max_temp,1991,January,1,0.9
Astore,max_temp,1991,February,2,3.7
Astore,max_temp,1991,March,3,7.5
Astore,max_temp,1991,April,4,13.9
Astore,max_temp,1991,May,5,16.9
Astore,max_temp,1991,June,6,25.1
Astore,max_temp,1991,July,7,25.4
Astore,max_temp,1991,August,8,27.1
Astore,max_temp,1991,September,9,24.6
Astore,max_temp,1991,October,10,17.1
Astore,max_temp,1991,November,11,11.6
Astore,max_temp,1991,December,12,6.1
Astore,max_temp,1992,January,1,2.2
Astore,max_temp,1992,February,2,2.2
Astore,max_temp,1992,March,3,6.1
Astore,max_temp,1992,April,4,13.4
Astore,max_temp,1992,May,5,18.8
Astore,max_temp,1992,June,6,23.4
Astore,max_temp,1992,July,7,26.8
Astore,max_temp,1992,August,8,27.1
Astore,max_temp,1992,September,9,21.0
Astore,max_temp,1992,October,10,16.4
Astore,max_temp,1992,November,11,12.5
Astore,max_temp,1992,December,12,7.1
Astore,max_temp,1993,January,1,2.2
Astore,max_temp,1993,February,2,3.0
Astore,max_temp,1993,March,3,7.0
Astore,max_temp,1993,April,4,16.9
Astore,max_temp,1993,May,5,20.9
Astore,max_temp,1993,June,6,23.4
Astore,max_temp,1993,July,7,24.8
Astore,max_temp,1993,August,8,25.6
Astore,max_temp,1993,September,9,23.7
Astore,max_temp,1993,October,10,17.5
Astore,max_temp,1993,November,11,10.0
Astore,max_temp,1993,December,12,7.0
Astore,max_temp,1994,January,1,2.2
Astore,max_temp,1994,February,2,2.8
Astore,max_temp,1994,March,3,9.0
Astore,max_temp,1994,April,4,12.2
Astore,max_temp,1994,May,5,20.7
Astore,max_temp,1994,June,6,24.5
Astore,max_temp,1994,July,7,29.6
Astore,max_temp,1994,August,8,28.9
Astore,max_temp,1994,September,9,22.9
Astore,max_temp,1994,October,10,16.7
Astore,max_temp,1994,November,11,12.5
Astore,max_temp,1994,December,12,3.1
Astore,max_temp,1995,January,1,0.8
Astore,max_temp,1995,February,2,3.5
Astore,max_temp,1995,March,3,8.5
Astore,max_temp,1995,April,4,13.6
Astore,max_temp,1995,May,5,20.5
Astore,max_temp,1995,June,6,24.4
Astore,max_temp,1995,July,7,26.9
Astore,max_temp,1995,August,8,28.1
Astore,max_temp,1995,September,9,24.0
Astore,max_temp,1995,October,10,17.4
Astore,max_temp,1995,November,11,13.6
Astore,max_temp,1995,December,12,3.2
Astore,max_temp,1996,January,1,1.4
Astore,max_temp,1996,February,2,4.6
Astore,max_temp,1996,March,3,8.1
Astore,max_temp,1996,April,4,13.7
Astore,max_temp,1996,May,5,15.0
Astore,max_temp,1996,June,6,23.5
Astore,max_temp,1996,July,7,25.6
Astore,max_temp,1996,August,8,26.7
Astore,max_temp,1996,September,9,26.1
Astore,max_temp,1996,October,10,16.7
Astore,max_temp,1996,November,11,12.0
Astore,max_temp,1996,December,12,6.5
Astore,max_temp,1997,January,1,5.3
Astore,max_temp,1997,February,2,6.9
Astore,max_temp,1997,March,3,8.9
Astore,max_temp,1997,April,4,16.7
Astore,max_temp,1997,May,5,18.8
Astore,max_temp,1997,June,6,24.5
Astore,max_temp,1997,July,7,29.4
Astore,max_temp,1997,August,8,26.5
Astore,max_temp,1997,September,9,24.0
Astore,max_temp,1997,October,10,17.2
Astore,max_temp,1997,November,11,10.0
Astore,max_temp,1997,December,12,4.2
Astore,max_temp,1998,January,1,2.3
Astore,max_temp,1998,February,2,3.9
Astore,max_temp,1998,March,3,8.4
Astore,max_temp,1998,April,4,16.7
Astore,max_temp,1998,May,5,19.6
Astore,max_temp,1998,June,6,22.3
Astore,max_temp,1998,July,7,28.3
Astore,max_temp,1998,August,8,27.6
Astore,max_temp,1998,September,9,23.7
Astore,max_temp,1998,October,10,20.0
Astore,max_temp,1998,November,11,14.7
Astore,max_temp,1998,December,12,9.7
Astore,max_temp,1999,January,1,3.7
Astore,max_temp,1999,February,2,5.5
Astore,max_temp,1999,March,3,8.0
Astore,max_temp,1999,April,4,14.6
Astore,max_temp,1999,May,5,20.9
Astore,max_temp,1999,June,6,24.2
Astore,max_temp,1999,July,7,27.6
Astore,max_temp,1999,August,8,25.0
Astore,max_temp,1999,September,9,24.9
Astore,max_temp,1999,October,10,18.4
Astore,max_temp,1999,November,11,10.2
Astore,max_temp,1999,December,12,8.4
Astore,max_temp,2000,January,1,3.6
Astore,max_temp,2000,February,2,2.9
Astore,max_temp,2000,March,3,9.5
Astore,max_temp,2000,April,4,17.5
Astore,max_temp,2000,May,5,24.9
Astore,max_temp,2000,June,6,25.3
Astore,max_temp,2000,July,7,26.4
Astore,max_temp,2000,August,8,26.5
Astore,max_temp,2000,September,9,23.9
Astore,max_temp,2000,October,10,19.8
Astore,max_temp,2000,November,11,12.1
Astore,max_temp,2000,December,12,5.7
Astore,max_temp,2001,January,1,5.5
Astore,max_temp,2001,February,2,8.5
Astore,max_temp,2001,March,3,12.6
Astore,max_temp,2001,April,4,17.4
Astore,max_temp,2001,May,5,24.7
Astore,max_temp,2001,June,6,26.1
Astore,max_temp,2001,July,7,27.7
Astore,max_temp,2001,August,8,27.5
Astore,max_temp,2001,September,9,21.7
Astore,max_temp,2001,October,10,19.9
Astore,max_temp,2001,November,11,10.0
Astore,max_temp,2001,December,12,4.9
Astore,max_temp,2002,January,1,3.0
Astore,max_temp,2002,February,2,4.5
Astore,max_temp,2002,March,3,10.6
Astore,max_temp,2002,April,4,14.3
Astore,max_temp,2002,May,5,21.2
Astore,max_temp,2002,June,6,24.7
Astore,max_temp,2002,July,7,25.6
Astore,max_temp,2002,August,8,27.7
Astore,max_temp,2002,September,9,21.5
Astore,max_temp,2002,October,10,19.3
Astore,max_temp,2002,November,11,13.3
Astore,max_temp,2002,December,12,6.7
Astore,max_temp,2003,January,1,5.9
Astore,max_temp,2003,February,2,4.9
Astore,max_temp,2003,March,3,7.5
Astore,max_temp,2003,April,4,15.3
Astore,max_temp,2003,May,5,16.7
Astore,max_temp,2003,June,6,25.0
Astore,max_temp,2003,July,7,28.2
Astore,max_temp,2003,August,8,25.7
Astore,max_temp,2003,September,9,22.1
Astore,max_temp,2003,October,10,17.5
Astore,max_temp,2003,November,11,11.1
Astore,max_temp,2003,December,12,4.5
Astore,max_temp,2004,January,1,2.8
Astore,max_temp,2004,February,2,5.0
Astore,max_temp,2004,March,3,13.3
Astore,max_temp,2004,April,4,16.7
Astore,max_temp,2004,May,5,21.2
Astore,max_temp,2004,June,6,23.7
Astore,max_temp,2004,July,7,26.1
Astore,max_temp,2004,August,8,25.3
Astore,max_temp,2004,September,9,24.5
Astore,max_temp,2004,October,10,15.8
Astore,max_temp,2004,November,11,12.4
Astore,max_temp,2004,December,12,7.2
Astore,max_temp,2005,January,1,1.7
Astore,max_temp,2005,February,2,2.7
Astore,max_temp,2005,March,3,10.4
Astore,max_temp,2005,April,4,13.8
Astore,max_temp,2005,May,5,18.0
Astore,max_temp,2005,June,6,25.0
Astore,max_temp,2005,July,7,26.4
Astore,max_temp,2005,August,8,27.1
Astore,max_temp,2005,September,9,25.0
Astore,max_temp,2005,October,10,17.6
Astore,max_temp,2005,November,11,10.9
Astore,max_temp,2005,December,12,3.8
Astore,max_temp,2006,January,1,1.7
Astore,max_temp,2006,February,2,8.5
Astore,max_temp,2006,March,3,10.7
Astore,max_temp,2006,April,4,14.8
Astore,max_temp,2006,May,5,24.5
Astore,max_temp,2006,June,6,24.4
Astore,max_temp,2006,July,7,29.3
Astore,max_temp,2006,August,8,26.1
Astore,max_temp,2006,September,9,23.3
Astore,max_temp,2006,October,10,18.8
Astore,max_temp,2006,November,11,11.2
Astore,max_temp,2006,December,12,4.1
Astore,max_temp,2007,January,1,4.4
Astore,max_temp,2007,February,2,8.3
Astore,max_temp,2007,March,3,10.1
Astore,max_temp,2007,April,4,20.6
Astore,max_temp,2007,May,5,22.5
Astore,max_temp,2007,June,6,26.0
Astore,max_temp,2007,July,7,27.0
Astore,max_temp,2007,August,8,26.8
Astore,max_temp,2007,September,9,23.6
Astore,max_temp,2007,October,10,18.5
Astore,max_temp,2007,November,11,14.3
Astore,max_temp,2007,December,12,6.5
Astore,max_temp,2008,January,1,1.1
Astore,max_temp,2008,February,2,3.7
Astore,max_temp,2008,March,3,14.2
Astore,max_temp,2008,April,4,16.6
Astore,max_temp,2008,May,5,22.7
Astore,max_temp,2008,June,6,28.4
Astore,max_temp,2008,July,7,28.0
Astore,max_temp,2008,August,8,27.3
Astore,max_temp,2008,September,9,21.9
Astore,max_temp,2008,October,10,19.3
Astore,max_temp,2008,November,11,12.6
Astore,max_temp,2008,December,12,5.0
Astore,max_temp,2009,January,1,2.4
Astore,max_temp,2009,February,2,4.3
Astore,max_temp,2009,March,3,9.3
Astore,max_temp,2009,April,4,14.1
Astore,max_temp,2009,May,5,20.9
Astore,max_temp,2009,June,6,22.9
Astore,max_temp,2009,July,7,26.7
Astore,max_temp,2009,August,8,28.4
Astore,max_temp,2009,September,9,23.1
Astore,max_temp,2009,October,10,16.9
Astore,max_temp,2009,November,11,11.0
Astore,max_temp,2009,December,12,5.6
Astore,max_temp,2010,January,1,6.9
Astore,max_temp,2010,February,2,4.4
Astore,max_temp,2010,March,3,13.2
Astore,max_temp,2010,April,4,16.1
Astore,max_temp,2010,May,5,18.8
Astore,max_temp,2010,June,6,22.9
Astore,max_temp,2010,July,7,25.7
Astore,max_temp,2010,August,8,24.9
Astore,max_temp,2010,September,9,22.2
Astore,max_temp,2010,October,10,19.3
Astore,max_temp,2010,November,11,14.9
Astore,max_temp,2010,December,12,8.0
Astore,max_temp,2011,January,1,4.4161
Astore,max_temp,2011,February,2,4.4429
Astore,max_temp,2011,March,3,9.3581
Astore,max_temp,2011,April,4,15.227
Astore,max_temp,2011,May,5,23.423
Astore,max_temp,2011,June,6,26.713
Astore,max_temp,2011,July,7,25.187
Astore,max_temp,2011,August,8,27.29
Astore,max_temp,2011,September,9,22.063
Astore,max_temp,2011,October,10,16.826
Astore,max_temp,2011,November,11,12.7
Astore,max_temp,2011,December,12,7.0935
Astore,max_temp,2012,January,1,2.7419
Astore,max_temp,2012,February,2,3.7034
Astore,max_temp,2012,March,3,8.1419
Astore,max_temp,2012,April,4,16.133
Astore,max_temp,2012,May,5,19.2
Astore,max_temp,2012,June,6,22.963
Astore,max_temp,2012,July,7,27.516
Astore,max_temp,2012,August,8,27.71
Astore,max_temp,2012,September,9,22.027
Astore,max_temp,2012,October,10,16.023
Astore,max_temp,2012,November,11,11.633
Astore,max_temp,2012,December,12,5.1
Astore,max_temp,2013,January,1,2.3581
Astore,max_temp,2013,February,2,5.5429
Astore,max_temp,2013,March,3,11.306
Astore,max_temp,2013,April,4,16.877
Astore,max_temp,2013,May,5,18.977
Astore,max_temp,2013,June,6,26.61
Astore,max_temp,2013,July,7,29.332
Astore,max_temp,2013,August,8,27.41
Astore,max_temp,2013,September,9,24.277
Astore,max_temp,2013,October,10,20.51
Astore,max_temp,2013,November,11,11.59
Astore,max_temp,2013,December,12,7.0613
Astore,max_temp,2014,January,1,2.929
Astore,max_temp,2014,February,2,4.2571
Astore,max_temp,2014,March,3,8.6767
Astore,max_temp,2014,April,4,14.67
Astore,max_temp,2014,May,5,20.687
Astore,max_temp,2014,June,6,25.47
Astore,max_temp,2014,July,7,27.768
Astore,max_temp,2014,August,8,26.503
Astore,max_temp,2014,September,9,22.993
Astore,max_temp,2014,October,10,16.903
Astore,max_temp,2014,November,11,11.977
Astore,max_temp,2014,December,12,7.2419
Astore,max_temp,2015,January,1,5.6742
Astore,max_temp,2015,February,2,6.8893
Astore,max_temp,2015,March,3,9.971
Astore,max_temp,2015,April,4,17.3
Astore,max_temp,2015,May,5,20.716
Astore,max_temp,2015,June,6,23.262
Astore,max_temp,2015,July,7,27.9
Astore,max_temp,2015,August,8,23.85
Astore,max_temp,2015,September,9,24.5
Astore,max_temp,2015,October,10,4.8226
Astore,max_temp,2015,November,11,10.281
Astore,max_temp,2015,December,12,6.0714
Astore,max_temp,2016,January,1,5.181
Astore,max_temp,2016,February,2,8.6172
Astore,max_temp,2016,March,3,12.833
Astore,max_temp,2016,April,4,15.603
Astore,max_temp,2016,May,5,22.081
Astore,max_temp,2016,June,6,26.655
Astore,max_temp,2016,July,7,26.952
Astore,max_temp,2016,August,8,25.065
Astore,max_temp,2016,September,9,24.2
Astore,max_temp,2016,October,10,19.419
Astore,max_temp,2016,November,11,12.917
Astore,max_temp,2016,December,12,9.6129
Astore,max_temp,2017,January,1,3.1129
Astore,max_temp,2017,February,2,5.6214
Astore,max_temp,2017,March,3,9.3871
Astore,max_temp,2017,April,4,15.113
Astore,max_temp,2017,May,5,22.845
Astore,max_temp,2017,June,6,25.227
Astore,max_temp,2017,July,7,27.839
Astore,max_temp,2017,August,8,26.871
Astore,max_temp,2017,September,9,23.55
Astore,max_temp,2017,October,10,19.245
Astore,max_temp,2017,November,11,12.983
Astore,max_temp,2017,December,12,6.3258
Astore,max_temp,2018,January,1,4.5
Astore,max_temp,2018,February,2,8.2
Astore,max_temp,2018,March,3,13.0
Astore,max_temp,2018,April,4,17.8
Astore,max_temp,2018,May,5,20.2
Astore,max_temp,2018,June,6,25.4
Astore,max_temp,2018,July,7,27.0
Astore,max_temp,2018,August,8,28.3
Astore,max_temp,2018,September,9,24.1
Astore,max_temp,2018,October,10,15.9
Astore,max_temp,2018,November,11,9.1
Astore,max_temp,2018,December,12,5.6
Astore,max_temp,2019,January,1,1.0
Astore,max_temp,2019,February,2,3.7
Astore,max_temp,2019,March,3,8.1
Astore,max_temp,2019,April,4,17.6
Astore,max_temp,2019,May,5,20.0
Astore,max_temp,2019,June,6,21.1
Astore,max_temp,2019,July,7,28.9
Astore,max_temp,2019,August,8,27.6
Astore,max_temp,2019,September,9,27.4
Astore,max_temp,2019,October,10,17.5
Astore,max_temp,2019,November,11,8.0
Astore,max_temp,2019,December,12,2.4
Astore,min_temp,1984,January,1,-7.7
Astore,min_temp,1984,February,2,-5.9
Astore,min_temp,1984,March,3,0.9
Astore,min_temp,1984,April,4,3.7
Astore,min_temp,1984,May,5,7.0
Astore,min_temp,1984,June,6,12.1
Astore,min_temp,1984,July,7,13.8
Astore,min_temp,1984,August,8,16.1
Astore,min_temp,1984,September,9,8.8
Astore,min_temp,1984,October,10,4.2
Astore,min_temp,1984,November,11,-0.4
Astore,min_temp,1984,December,12,-4.2
Astore,min_temp,1985,January,1,-8.0
Astore,min_temp,1985,February,2,-6.1
Astore,min_temp,1985,March,3,1.8
Astore,min_temp,1985,April,4,5.5
Astore,min_temp,1985,May,5,7.2
Astore,min_temp,1985,June,6,10.1
Astore,min_temp,1985,July,7,15.2
Astore,min_temp,1985,August,8,14.9
Astore,min_temp,1985,September,9,10.5
Astore,min_temp,1985,October,10,4.7
Astore,min_temp,1985,November,11,-0.4
Astore,min_temp,1985,December,12,-5.4
Astore,min_temp,1986,January,1,-9.7
Astore,min_temp,1986,February,2,-6.6
Astore,min_temp,1986,March,3,-2.5
Astore,min_temp,1986,April,4,2.9
Astore,min_temp,1986,May,5,6.5
Astore,min_temp,1986,June,6,10.1
Astore,min_temp,1986,July,7,14.1
Astore,min_temp,1986,August,8,13.1
Astore,min_temp,1986,September,9,9.2
Astore,min_temp,1986,October,10,4.6
Astore,min_temp,1986,November,11,-0.4
Astore,min_temp,1986,December,12,-7.1
Astore,min_temp,1987,January,1,-10.4
Astore,min_temp,1987,February,2,-4.0
Astore,min_temp,1987,March,3,0.2
Astore,min_temp,1987,April,4,3.7
Astore,min_temp,1987,May,5,6.2
Astore,min_temp,1987,June,6,8.6
Astore,min_temp,1987,July,7,11.1
Astore,min_temp,1987,August,8,13.8
Astore,min_temp,1987,September,9,10.3
Astore,min_temp,1987,October,10,2.9
Astore,min_temp,1987,November,11,-0.9
Astore,min_temp,1987,December,12,-3.1
Astore,min_temp,1988,January,1,-4.9
Astore,min_temp,1988,February,2,-5.1
Astore,min_temp,1988,March,3,-1.4
Astore,min_temp,1988,April,4,4.1
Astore,min_temp,1988,May,5,8.0
Astore,min_temp,1988,June,6,10.2
Astore,min_temp,1988,July,7,14.8
Astore,min_temp,1988,August,8,13.0
Astore,min_temp,1988,September,9,9.9
Astore,min_temp,1988,October,10,3.4
Astore,min_temp,1988,November,11,-0.4
Astore,min_temp,1988,December,12,-3.4
Astore,min_temp,1989,January,1,-9.5
Astore,min_temp,1989,February,2,-6.4
Astore,min_temp,1989,March,3,-0.8
Astore,min_temp,1989,April,4,1.4
Astore,min_temp,1989,May,5,5.0
Astore,min_temp,1989,June,6,9.2
Astore,min_temp,1989,July,7,11.6
Astore,min_temp,1989,August,8,11.6
Astore,min_temp,1989,September,9,8.7
Astore,min_temp,1989,October,10,3.1
Astore,min_temp,1989,November,11,-2.0
Astore,min_temp,1989,December,12,-3.6
Astore,min_temp,1990,January,1,-4.1
Astore,min_temp,1990,February,2,-6.8
Astore,min_temp,1990,March,3,-4.0
Astore,min_temp,1990,April,4,1.9
Astore,min_temp,1990,May,5,8.3
Astore,min_temp,1990,June,6,10.8
Astore,min_temp,1990,July,7,13.6
Astore,min_temp,1990,August,8,14.3
Astore,min_temp,1990,September,9,10.8
Astore,min_temp,1990,October,10,3.2
Astore,min_temp,1990,November,11,-1.0
Astore,min_temp,1990,December,12,-3.4
Astore,min_temp,1991,January,1,-11.2
Astore,min_temp,1991,February,2,-5.6
Astore,min_temp,1991,March,3,-0.9
Astore,min_temp,1991,April,4,3.3
Astore,min_temp,1991,May,5,6.6
Astore,min_temp,1991,June,6,10.5
Astore,min_temp,1991,July,7,13.2
Astore,min_temp,1991,August,8,13.7
Astore,min_temp,1991,September,9,11.5
Astore,min_temp,1991,October,10,3.9
Astore,min_temp,1991,November,11,-0.6
Astore,min_temp,1991,December,12,-2.0
Astore,min_temp,1992,January,1,-5.3
Astore,min_temp,1992,February,2,-9.0
Astore,min_temp,1992,March,3,-1.7
Astore,min_temp,1992,April,4,3.0
Astore,min_temp,1992,May,5,6.7
Astore,min_temp,1992,June,6,10.4
Astore,min_temp,1992,July,7,14.0
Astore,min_temp,1992,August,8,14.2
Astore,min_temp,1992,September,9,9.5
Astore,min_temp,1992,October,10,4.5
Astore,min_temp,1992,November,11,0.3
Astore,min_temp,1992,December,12,-2.5
Astore,min_temp,1993,January,1,-8.2
Astore,min_temp,1993,February,2,-2.0
Astore,min_temp,1993,March,3,-2.1
Astore,min_temp,1993,April,4,4.7
Astore,min_temp,1993,May,5,8.7
Astore,min_temp,1993,June,6,10.6
Astore,min_temp,1993,July,7,12.8
Astore,min_temp,1993,August,8,12.8
Astore,min_temp,1993,September,9,11.2
Astore,min_temp,1993,October,10,4.0
Astore,min_temp,1993,November,11,-0.4
Astore,min_temp,1993,December,12,-3.0
Astore,min_temp,1994,January,1,-5.8
Astore,min_temp,1994,February,2,-4.9
Astore,min_temp,1994,March,3,0.0
Astore,min_temp,1994,April,4,2.2
Astore,min_temp,1994,May,5,8.1
Astore,min_temp,1994,June,6,11.2
Astore,min_temp,1994,July,7,16.6
Astore,min_temp,1994,August,8,16.5
Astore,min_temp,1994,September,9,9.6
Astore,min_temp,1994,October,10,4.3
Astore,min_temp,1994,November,11,0.1
Astore,min_temp,1994,December,12,-6.7
Astore,min_temp,1995,January,1,-12.1
Astore,min_temp,1995,February,2,-6.8
Astore,min_temp,1995,March,3,-1.2
Astore,min_temp,1995,April,4,3.4
Astore,min_temp,1995,May,5,8.0
Astore,min_temp,1995,June,6,10.8
Astore,min_temp,1995,July,7,14.4
Astore,min_temp,1995,August,8,14.6
Astore,min_temp,1995,September,9,10.1
Astore,min_temp,1995,October,10,4.9
Astore,min_temp,1995,November,11,-0.4
Astore,min_temp,1995,December,12,-5.9
Astore,min_temp,1996,January,1,-9.5
Astore,min_temp,1996,February,2,-4.5
Astore,min_temp,1996,March,3,0.3
Astore,min_temp,1996,April,4,3.1
Astore,min_temp,1996,May,5,5.8
Astore,min_temp,1996,June,6,11.0
Astore,min_temp,1996,July,7,12.8
Astore,min_temp,1996,August,8,14.5
Astore,min_temp,1996,September,9,11.4
Astore,min_temp,1996,October,10,3.7
Astore,min_temp,1996,November,11,-0.9
Astore,min_temp,1996,December,12,-5.9
Astore,min_temp,1997,January,1,-5.9
Astore,min_temp,1997,February,2,-5.4
Astore,min_temp,1997,March,3,-0.4
Astore,min_temp,1997,April,4,4.9
Astore,min_temp,1997,May,5,7.2
Astore,min_temp,1997,June,6,11.5
Astore,min_temp,1997,July,7,15.4
Astore,min_temp,1997,August,8,13.1
Astore,min_temp,1997,September,9,10.7
Astore,min_temp,1997,October,10,5.0
Astore,min_temp,1997,November,11,-0.3
Astore,min_temp,1997,December,12,-3.8
Astore,min_temp,1998,January,1,-6.7
Astore,min_temp,1998,February,2,-5.1
Astore,min_temp,1998,March,3,-1.0
Astore,min_temp,1998,April,4,5.2
Astore,min_temp,1998,May,5,8.3
Astore,min_temp,1998,June,6,10.4
Astore,min_temp,1998,July,7,14.8
Astore,min_temp,1998,August,8,14.9
Astore,min_temp,1998,September,9,11.5
Astore,min_temp,1998,October,10,6.5
Astore,min_temp,1998,November,11,0.9
Astore,min_temp,1998,December,12,-2.7
Astore,min_temp,1999,January,1,-4.8
Astore,min_temp,1999,February,2,-2.3
Astore,min_temp,1999,March,3,-0.4
Astore,min_temp,1999,April,4,4.2
Astore,min_temp,1999,May,5,8.4
Astore,min_temp,1999,June,6,11.1
Astore,min_temp,1999,July,7,14.6
Astore,min_temp,1999,August,8,13.9
Astore,min_temp,1999,September,9,12.0
Astore,min_temp,1999,October,10,4.8
Astore,min_temp,1999,November,11,0.6
Astore,min_temp,1999,December,12,-4.2
Astore,min_temp,2000,January,1,-7.0
Astore,min_temp,2000,February,2,-7.5
Astore,min_temp,2000,March,3,-1.1
Astore,min_temp,2000,April,4,5.2
Astore,min_temp,2000,May,5,7.5
Astore,min_temp,2000,June,6,12.4
Astore,min_temp,2000,July,7,15.2
Astore,min_temp,2000,August,8,13.8
Astore,min_temp,2000,September,9,10.7
Astore,min_temp,2000,October,10,5.8
Astore,min_temp,2000,November,11,1.1
Astore,min_temp,2000,December,12,-4.4
Astore,min_temp,2001,January,1,-6.3
Astore,min_temp,2001,February,2,-2.7
Astore,min_temp,2001,March,3,-0.3
Astore,min_temp,2001,April,4,5.9
Astore,min_temp,2001,May,5,10.5
Astore,min_temp,2001,June,6,13.3
Astore,min_temp,2001,July,7,16.0
Astore,min_temp,2001,August,8,14.6
Astore,min_temp,2001,September,9,8.9
Astore,min_temp,2001,October,10,5.6
Astore,min_temp,2001,November,11,-1.7
Astore,min_temp,2001,December,12,-4.3
Astore,min_temp,2002,January,1,-10.5
Astore,min_temp,2002,February,2,-5.2
Astore,min_temp,2002,March,3,-1.0
Astore,min_temp,2002,April,4,3.9
Astore,min_temp,2002,May,5,8.7
Astore,min_temp,2002,June,6,11.5
Astore,min_temp,2002,July,7,13.1
Astore,min_temp,2002,August,8,14.9
Astore,min_temp,2002,September,9,8.8
Astore,min_temp,2002,October,10,5.5
Astore,min_temp,2002,November,11,0.8
Astore,min_temp,2002,December,12,-3.6
Astore,min_temp,2003,January,1,-5.0
Astore,min_temp,2003,February,2,-4.1
Astore,min_temp,2003,March,3,-1.5
Astore,min_temp,2003,April,4,4.5
Astore,min_temp,2003,May,5,5.8
Astore,min_temp,2003,June,6,11.6
Astore,min_temp,2003,July,7,15.0
Astore,min_temp,2003,August,8,13.6
Astore,min_temp,2003,September,9,10.0
Astore,min_temp,2003,October,10,3.9
Astore,min_temp,2003,November,11,-0.5
Astore,min_temp,2003,December,12,-5.9
Astore,min_temp,2004,January,1,-5.8
Astore,min_temp,2004,February,2,-5.7
Astore,min_temp,2004,March,3,1.9
Astore,min_temp,2004,April,4,4.8
Astore,min_temp,2004,May,5,7.8
Astore,min_temp,2004,June,6,11.2
Astore,min_temp,2004,July,7,12.9
Astore,min_temp,2004,August,8,13.1
Astore,min_temp,2004,September,9,9.7
Astore,min_temp,2004,October,10,4.1
Astore,min_temp,2004,November,11,0.0
Astore,min_temp,2004,December,12,-1.5
Astore,min_temp,2005,January,1,-7.8
Astore,min_temp,2005,February,2,-4.2
Astore,min_temp,2005,March,3,1.0
Astore,min_temp,2005,April,4,3.1
Astore,min_temp,2005,May,5,7.2
Astore,min_temp,2005,June,6,11.2
Astore,min_temp,2005,July,7,14.2
Astore,min_temp,2005,August,8,13.8
Astore,min_temp,2005,September,9,11.4
Astore,min_temp,2005,October,10,4.7
Astore,min_temp,2005,November,11,-1.1
Astore,min_temp,2005,December,12,-7.0
Astore,min_temp,2006,January,1,-6.4
Astore,min_temp,2006,February,2,-0.4
Astore,min_temp,2006,March,3,0.4
Astore,min_temp,2006,April,4,3.5
Astore,min_temp,2006,May,5,10.7
Astore,min_temp,2006,June,6,11.3
Astore,min_temp,2006,July,7,15.9
Astore,min_temp,2006,August,8,15.0
Astore,min_temp,2006,September,9,10.0
Astore,min_temp,2006,October,10,6.0
Astore,min_temp,2006,November,11,1.1
Astore,min_temp,2006,December,12,-4.6
Astore,min_temp,2007,January,1,-6.9
Astore,min_temp,2007,February,2,-1.0
Astore,min_temp,2007,March,3,-0.3
Astore,min_temp,2007,April,4,6.8
Astore,min_temp,2007,May,5,10.3
Astore,min_temp,2007,June,6,13.1
Astore,min_temp,2007,July,7,14.1
Astore,min_temp,2007,August,8,14.6
Astore,min_temp,2007,September,9,11.1
Astore,min_temp,2007,October,10,4.1
Astore,min_temp,2007,November,11,0.9
Astore,min_temp,2007,December,12,-4.1
Astore,min_temp,2008,January,1,-7.6
Astore,min_temp,2008,February,2,-7.2
Astore,min_temp,2008,March,3,1.8
Astore,min_temp,2008,April,4,5.6
Astore,min_temp,2008,May,5,9.7
Astore,min_temp,2008,June,6,15.2
Astore,min_temp,2008,July,7,15.3
Astore,min_temp,2008,August,8,14.3
Astore,min_temp,2008,September,9,9.2
Astore,min_temp,2008,October,10,6.1
Astore,min_temp,2008,November,11,1.2
Astore,min_temp,2008,December,12,-4.8
Astore,min_temp,2009,January,1,-6.3
Astore,min_temp,2009,February,2,-4.1
Astore,min_temp,2009,March,3,-0.4
Astore,min_temp,2009,April,4,3.8
Astore,min_temp,2009,May,5,7.8
Astore,min_temp,2009,June,6,10.0
Astore,min_temp,2009,July,7,13.3
Astore,min_temp,2009,August,8,14.4
Astore,min_temp,2009,September,9,9.4
Astore,min_temp,2009,October,10,4.1
Astore,min_temp,2009,November,11,-1.1
Astore,min_temp,2009,December,12,-4.2
Astore,min_temp,2010,January,1,-4.3323
Astore,min_temp,2010,February,2,-3.7143
Astore,min_temp,2010,March,3,1.5161
Astore,min_temp,2010,April,4,5.23
Astore,min_temp,2010,May,5,7.5613
Astore,min_temp,2010,June,6,10.177
Astore,min_temp,2010,July,7,13.242
Astore,min_temp,2010,August,8,14.642
Astore,min_temp,2010,September,9,10.193
Astore,min_temp,2010,October,10,5.1774
Astore,min_temp,2010,November,11,0.34667
Astore,min_temp,2010,December,12,-5.0
Astore,min_temp,2011,January,1,-7.4484
Astore,min_temp,2011,February,2,-5.4464
Astore,min_temp,2011,March,3,-1.8419
Astore,min_temp,2011,April,4,2.6
Astore,min_temp,2011,May,5,9.1903
Astore,min_temp,2011,June,6,12.917
Astore,min_temp,2011,July,7,13.387
Astore,min_temp,2011,August,8,14.255
Astore,min_temp,2011,September,9,10.16
Astore,min_temp,2011,October,10,4.2226
Astore,min_temp,2011,November,11,1.9767
Astore,min_temp,2011,December,12,-5.4839
Astore,min_temp,2012,January,1,-7.4355
Astore,min_temp,2012,February,2,-4.5379
Astore,min_temp,2012,March,3,-1.3065
Astore,min_temp,2012,April,4,5.08
Astore,min_temp,2012,May,5,7.5968
Astore,min_temp,2012,June,6,10.62
Astore,min_temp,2012,July,7,14.023
Astore,min_temp,2012,August,8,14.303
Astore,min_temp,2012,September,9,9.3633
Astore,min_temp,2012,October,10,1.5645
Astore,min_temp,2012,November,11,-1.36
Astore,min_temp,2012,December,12,-6.0516
Astore,min_temp,2013,January,1,-11.345
Astore,min_temp,2013,February,2,-5.3643
Astore,min_temp,2013,March,3,-1.9484
Astore,min_temp,2013,April,4,3.7467
Astore,min_temp,2013,May,5,5.4097
Astore,min_temp,2013,June,6,10.943
Astore,min_temp,2013,July,7,15.419
Astore,min_temp,2013,August,8,14.545
Astore,min_temp,2013,September,9,7.7867
Astore,min_temp,2013,October,10,4.3226
Astore,min_temp,2013,November,11,-2.51
Astore,min_temp,2013,December,12,-4.0194
Astore,min_temp,2014,January,1,-8.4903
Astore,min_temp,2014,February,2,-5.7321
Astore,min_temp,2014,March,3,-1.829
Astore,min_temp,2014,April,4,3.3633
Astore,min_temp,2014,May,5,8.23
Astore,min_temp,2014,June,6,11.673
Astore,min_temp,2014,July,7,15.148
Astore,min_temp,2014,August,8,13.435
Astore,min_temp,2014,September,9,9.5467
Astore,min_temp,2014,October,10,5.4129
Astore,min_temp,2014,November,11,-0.53333
Astore,min_temp,2014,December,12,-4.4032
Astore,min_temp,2015,January,1,-5.6448
Astore,min_temp,2015,February,2,-3.3429
Astore,min_temp,2015,March,3,-1.0452
Astore,min_temp,2015,April,4,4.2167
Astore,min_temp,2015,May,5,7.8548
Astore,min_temp,2015,June,6,10.507
Astore,min_temp,2015,July,7,15.113
Astore,min_temp,2015,August,8,14.584
Astore,min_temp,2015,September,9,8.0833
Astore,min_temp,2015,October,10,21.5
Astore,min_temp,2015,November,11,0.025
Astore,min_temp,2015,December,12,-5.1704
Astore,min_temp,2016,January,1,-6.2885
Astore,min_temp,2016,February,2,-4.0621
Astore,min_temp,2016,March,3,0.65484
Astore,min_temp,2016,April,4,4.1667
Astore,min_temp,2016,May,5,9.1935
Astore,min_temp,2016,June,6,13.367
Astore,min_temp,2016,July,7,14.694
Astore,min_temp,2016,August,8,13.742
Astore,min_temp,2016,September,9,10.633
Astore,min_temp,2016,October,10,5.7903
Astore,min_temp,2016,November,11,1.2833
Astore,min_temp,2016,December,12,-2.3548
Astore,min_temp,2017,January,1,-4.8226
Astore,min_temp,2017,February,2,-4.8571
Astore,min_temp,2017,March,3,-0.16129
Astore,min_temp,2017,April,4,3.4667
Astore,min_temp,2017,May,5,9.7742
Astore,min_temp,2017,June,6,12.333
Astore,min_temp,2017,July,7,15.532
Astore,min_temp,2017,August,8,14.323
Astore,min_temp,2017,September,9,10.593
Astore,min_temp,2017,October,10,5.2097
Astore,min_temp,2017,November,11,-0.083333
Astore,min_temp,2017,December,12,-3.0806
Astore,min_temp,2018,January,1,4.5
Astore,min_temp,2018,February,2,8.2
Astore,min_temp,2018,March,3,13.0
Astore,min_temp,2018,April,4,17.8
Astore,min_temp,2018,May,5,20.2
Astore,min_temp,2018,June,6,25.4
Astore,min_temp,2018,July,7,27.0
Astore,min_temp,2018,August,8,28.3
Astore,min_temp,2018,September,9,24.1
Astore,min_temp,2018,October,10,15.9
Astore,min_temp,2018,November,11,9.1
Astore,min_temp,2018,December,12,5.6
Astore,min_temp,2019,January,1,1.0
Astore,min_temp,2019,February,2,3.7
Astore,min_temp,2019,March,3,8.1
Astore,min_temp,2019,April,4,17.6
Astore,min_temp,2019,May,5,20.0
Astore,min_temp,2019,June,6,21.1
Astore,min_temp,2019,July,7,28.9
Astore,min_temp,2019,August,8,27.6
Astore,min_temp,2019,September,9,27.4
Astore,min_temp,2019,October,10,17.5
Astore,min_temp,2019,November,11,8.0
Astore,min_temp,2019,December,12,2.4
Astore,precipitation,1984,January,1,6.9
Astore,precipitation,1984,February,2,18.3
Astore,precipitation,1984,March,3,101.7
Astore,precipitation,1984,April,4,95.5
Astore,precipitation,1984,May,5,154.7
Astore,precipitation,1984,June,6,13.7
Astore,precipitation,1984,July,7,22.6
Astore,precipitation,1984,August,8,62.8
Astore,precipitation,1984,September,9,25.0
Astore,precipitation,1984,October,10,2.5
Astore,precipitation,1984,November,11,11.0
Astore,precipitation,1984,December,12,21.2
Astore,precipitation,1985,January,1,13.5
Astore,precipitation,1985,February,2,15.4
Astore,precipitation,1985,March,3,25.5
Astore,precipitation,1985,April,4,43.0
Astore,precipitation,1985,May,5,100.2
Astore,precipitation,1985,June,6,2.7
Astore,precipitation,1985,July,7,28.7
Astore,precipitation,1985,August,8,30.8
Astore,precipitation,1985,September,9,4.4
Astore,precipitation,1985,October,10,29.6
Astore,precipitation,1985,November,11,9.1
Astore,precipitation,1985,December,12,79.0
Astore,precipitation,1986,January,1,3.8
Astore,precipitation,1986,February,2,69.4
Astore,precipitation,1986,March,3,94.7
Astore,precipitation,1986,April,4,104.1
Astore,precipitation,1986,May,5,18.6
Astore,precipitation,1986,June,6,18.7
Astore,precipitation,1986,July,7,7.6
Astore,precipitation,1986,August,8,24.3
Astore,precipitation,1986,September,9,3.5
Astore,precipitation,1986,October,10,3.2
Astore,precipitation,1986,November,11,84.8
Astore,precipitation,1986,December,12,72.6
Astore,precipitation,1987,January,1,7.5
Astore,precipitation,1987,February,2,22.7
Astore,precipitation,1987,March,3,38.1
Astore,precipitation,1987,April,4,137.0
Astore,precipitation,1987,May,5,62.3
Astore,precipitation,1987,June,6,44.2
Astore,precipitation,1987,July,7,26.7
Astore,precipitation,1987,August,8,15.2
Astore,precipitation,1987,September,9,11.0
Astore,precipitation,1987,October,10,170.6
Astore,precipitation,1987,November,11,0.0
Astore,precipitation,1987,December,12,4.2
Astore,precipitation,1988,January,1,31.4
Astore,precipitation,1988,February,2,82.3
Astore,precipitation,1988,March,3,108.7
Astore,precipitation,1988,April,4,34.1
Astore,precipitation,1988,May,5,4.5
Astore,precipitation,1988,June,6,45.6
Astore,precipitation,1988,July,7,21.7
Astore,precipitation,1988,August,8,37.7
Astore,precipitation,1988,September,9,11.4
Astore,precipitation,1988,October,10,17.5
Astore,precipitation,1988,November,11,0.0
Astore,precipitation,1988,December,12,43.6
Astore,precipitation,1989,January,1,47.6
Astore,precipitation,1989,February,2,32.3
Astore,precipitation,1989,March,3,31.0
Astore,precipitation,1989,April,4,78.6
Astore,precipitation,1989,May,5,170.0
Astore,precipitation,1989,June,6,15.1
Astore,precipitation,1989,July,7,56.8
Astore,precipitation,1989,August,8,24.9
Astore,precipitation,1989,September,9,12.7
Astore,precipitation,1989,October,10,24.9
Astore,precipitation,1989,November,11,8.7
Astore,precipitation,1989,December,12,7.7
Astore,precipitation,1990,January,1,58.6
Astore,precipitation,1990,February,2,54.4
Astore,precipitation,1990,March,3,91.4
Astore,precipitation,1990,April,4,66.4
Astore,precipitation,1990,May,5,30.5
Astore,precipitation,1990,June,6,29.3
Astore,precipitation,1990,July,7,8.6
Astore,precipitation,1990,August,8,40.7
Astore,precipitation,1990,September,9,4.3
Astore,precipitation,1990,October,10,25.0
Astore,precipitation,1990,November,11,4.8
Astore,precipitation,1990,December,12,98.4
Astore,precipitation,1991,January,1,32.1
Astore,precipitation,1991,February,2,47.0
Astore,precipitation,1991,March,3,156.2
Astore,precipitation,1991,April,4,51.4
Astore,precipitation,1991,May,5,146.3
Astore,precipitation,1991,June,6,2.7
Astore,precipitation,1991,July,7,19.3
Astore,precipitation,1991,August,8,17.5
Astore,precipitation,1991,September,9,12.5
Astore,precipitation,1991,October,10,0.0
Astore,precipitation,1991,November,11,6.0
Astore,precipitation,1991,December,12,16.5
Astore,precipitation,1992,January,1,143.1
Astore,precipitation,1992,February,2,32.7
Astore,precipitation,1992,March,3,145.9
Astore,precipitation,1992,April,4,68.3
Astore,precipitation,1992,May,5,57.5
Astore,precipitation,1992,June,6,2.0
Astore,precipitation,1992,July,7,17.0
Astore,precipitation,1992,August,8,12.3
Astore,precipitation,1992,September,9,17.5
Astore,precipitation,1992,October,10,13.3
Astore,precipitation,1992,November,11,9.8
Astore,precipitation,1992,December,12,12.4
Astore,precipitation,1993,January,1,38.2
Astore,precipitation,1993,February,2,44.3
Astore,precipitation,1993,March,3,96.3
Astore,precipitation,1993,April,4,1.3
Astore,precipitation,1993,May,5,68.4
Astore,precipitation,1993,June,6,33.9
Astore,precipitation,1993,July,7,63.5
Astore,precipitation,1993,August,8,6.8
Astore,precipitation,1993,September,9,16.4
Astore,precipitation,1993,October,10,13.7
Astore,precipitation,1993,November,11,110.0
Astore,precipitation,1993,December,12,1.2
Astore,precipitation,1994,January,1,54.9
Astore,precipitation,1994,February,2,53.0
Astore,precipitation,1994,March,3,94.1
Astore,precipitation,1994,April,4,98.4
Astore,precipitation,1994,May,5,45.1
Astore,precipitation,1994,June,6,31.1
Astore,precipitation,1994,July,7,33.7
Astore,precipitation,1994,August,8,34.3
Astore,precipitation,1994,September,9,25.8
Astore,precipitation,1994,October,10,9.9
Astore,precipitation,1994,November,11,1.5
Astore,precipitation,1994,December,12,168.1
Astore,precipitation,1995,January,1,20.6
Astore,precipitation,1995,February,2,59.5
Astore,precipitation,1995,March,3,43.2
Astore,precipitation,1995,April,4,91.0
Astore,precipitation,1995,May,5,36.8
Astore,precipitation,1995,June,6,45.7
Astore,precipitation,1995,July,7,63.6
Astore,precipitation,1995,August,8,11.2
Astore,precipitation,1995,September,9,4.6
Astore,precipitation,1995,October,10,25.8
Astore,precipitation,1995,November,11,16.9
Astore,precipitation,1995,December,12,30.2
Astore,precipitation,1996,January,1,35.3
Astore,precipitation,1996,February,2,52.5
Astore,precipitation,1996,March,3,29.0
Astore,precipitation,1996,April,4,68.0
Astore,precipitation,1996,May,5,174.1
Astore,precipitation,1996,June,6,110.1
Astore,precipitation,1996,July,7,18.4
Astore,precipitation,1996,August,8,29.4
Astore,precipitation,1996,September,9,5.6
Astore,precipitation,1996,October,10,52.2
Astore,precipitation,1996,November,11,3.6
Astore,precipitation,1996,December,12,9.8
Astore,precipitation,1997,January,1,9.4
Astore,precipitation,1997,February,2,4.2
Astore,precipitation,1997,March,3,90.0
Astore,precipitation,1997,April,4,37.1
Astore,precipitation,1997,May,5,44.9
Astore,precipitation,1997,June,6,12.6
Astore,precipitation,1997,July,7,42.5
Astore,precipitation,1997,August,8,106.6
Astore,precipitation,1997,September,9,10.9
Astore,precipitation,1997,October,10,7.7
Astore,precipitation,1997,November,11,31.4
Astore,precipitation,1997,December,12,16.5
Astore,precipitation,1998,January,1,33.8
Astore,precipitation,1998,February,2,87.2
Astore,precipitation,1998,March,3,23.8
Astore,precipitation,1998,April,4,49.0
Astore,precipitation,1998,May,5,85.5
Astore,precipitation,1998,June,6,20.7
Astore,precipitation,1998,July,7,4.6
Astore,precipitation,1998,August,8,3.3
Astore,precipitation,1998,September,9,14.8
Astore,precipitation,1998,October,10,2.7
Astore,precipitation,1998,November,11,0.0
Astore,precipitation,1998,December,12,0.0
Astore,precipitation,1999,January,1,111.1
Astore,precipitation,1999,February,2,32.5
Astore,precipitation,1999,March,3,88.0
Astore,precipitation,1999,April,4,95.0
Astore,precipitation,1999,May,5,58.0
Astore,precipitation,1999,June,6,17.4
Astore,precipitation,1999,July,7,29.7
Astore,precipitation,1999,August,8,53.0
Astore,precipitation,1999,September,9,30.5
Astore,precipitation,1999,October,10,5.2
Astore,precipitation,1999,November,11,51.9
Astore,precipitation,1999,December,12,0.0
Astore,precipitation,2000,January,1,60.8
Astore,precipitation,2000,February,2,9.8
Astore,precipitation,2000,March,3,29.7
Astore,precipitation,2000,April,4,41.6
Astore,precipitation,2000,May,5,17.3
Astore,precipitation,2000,June,6,23.1
Astore,precipitation,2000,July,7,33.7
Astore,precipitation,2000,August,8,11.3
Astore,precipitation,2000,September,9,10.9
Astore,precipitation,2000,October,10,13.8
Astore,precipitation,2000,November,11,9.9
Astore,precipitation,2000,December,12,19.6
Astore,precipitation,2001,January,1,0.2
Astore,precipitation,2001,February,2,3.4
Astore,precipitation,2001,March,3,56.4
Astore,precipitation,2001,April,4,52.0
Astore,precipitation,2001,May,5,7.8
Astore,precipitation,2001,June,6,14.3
Astore,precipitation,2001,July,7,26.0
Astore,precipitation,2001,August,8,17.4
Astore,precipitation,2001,September,9,30.0
Astore,precipitation,2001,October,10,45.5
Astore,precipitation,2001,November,11,68.9
Astore,precipitation,2001,December,12,53.5
Astore,precipitation,2002,January,1,29.3
Astore,precipitation,2002,February,2,63.6
Astore,precipitation,2002,March,3,48.7
Astore,precipitation,2002,April,4,90.0
Astore,precipitation,2002,May,5,16.8
Astore,precipitation,2002,June,6,38.5
Astore,precipitation,2002,July,7,19.9
Astore,precipitation,2002,August,8,15.4
Astore,precipitation,2002,September,9,15.5
Astore,precipitation,2002,October,10,3.2
Astore,precipitation,2002,November,11,0.0
Astore,precipitation,2002,December,12,3.0
Astore,precipitation,2003,January,1,2.0
Astore,precipitation,2003,February,2,63.7
Astore,precipitation,2003,March,3,35.3
Astore,precipitation,2003,April,4,80.0
Astore,precipitation,2003,May,5,121.2
Astore,precipitation,2003,June,6,14.7
Astore,precipitation,2003,July,7,23.3
Astore,precipitation,2003,August,8,28.7
Astore,precipitation,2003,September,9,39.0
Astore,precipitation,2003,October,10,17.6
Astore,precipitation,2003,November,11,12.5
Astore,precipitation,2003,December,12,78.5
Astore,precipitation,2004,January,1,95.4
Astore,precipitation,2004,February,2,48.5
Astore,precipitation,2004,March,3,33.1
Astore,precipitation,2004,April,4,59.0
Astore,precipitation,2004,May,5,39.2
Astore,precipitation,2004,June,6,49.5
Astore,precipitation,2004,July,7,20.4
Astore,precipitation,2004,August,8,34.9
Astore,precipitation,2004,September,9,6.9
Astore,precipitation,2004,October,10,26.3
Astore,precipitation,2004,November,11,11.3
Astore,precipitation,2004,December,12,12.6
Astore,precipitation,2005,January,1,52.2
Astore,precipitation,2005,February,2,35.0
Astore,precipitation,2005,March,3,27.6
Astore,precipitation,2005,April,4,86.5
Astore,precipitation,2005,May,5,105.7
Astore,precipitation,2005,June,6,5.1
Astore,precipitation,2005,July,7,17.4
Astore,precipitation,2005,August,8,2.2
Astore,precipitation,2005,September,9,32.0
Astore,precipitation,2005,October,10,0.0
Astore,precipitation,2005,November,11,14.7
Astore,precipitation,2005,December,12,32.0
Astore,precipitation,2006,January,1,118.4
Astore,precipitation,2006,February,2,58.4
Astore,precipitation,2006,March,3,10.0
Astore,precipitation,2006,April,4,36.6
Astore,precipitation,2006,May,5,0.2
Astore,precipitation,2006,June,6,18.0
Astore,precipitation,2006,July,7,10.0
Astore,precipitation,2006,August,8,21.3
Astore,precipitation,2006,September,9,13.6
Astore,precipitation,2006,October,10,13.1
Astore,precipitation,2006,November,11,28.3
Astore,precipitation,2006,December,12,18.0
Astore,precipitation,2007,January,1,0.3
Astore,precipitation,2007,February,2,0.0
Astore,precipitation,2007,March,3,92.2
Astore,precipitation,2007,April,4,53.3
Astore,precipitation,2007,May,5,19.1
Astore,precipitation,2007,June,6,25.6
Astore,precipitation,2007,July,7,23.0
Astore,precipitation,2007,August,8,31.5
Astore,precipitation,2007,September,9,29.0
Astore,precipitation,2007,October,10,0.6
Astore,precipitation,2007,November,11,0.0
Astore,precipitation,2007,December,12,0.0
Astore,precipitation,2008,January,1,17.0
Astore,precipitation,2008,February,2,2.0
Astore,precipitation,2008,March,3,16.8
Astore,precipitation,2008,April,4,47.1
Astore,precipitation,2008,May,5,10.9
Astore,precipitation,2008,June,6,30.7
Astore,precipitation,2008,July,7,8.8
Astore,precipitation,2008,August,8,28.3
Astore,precipitation,2008,September,9,11.0
Astore,precipitation,2008,October,10,13.3
Astore,precipitation,2008,November,11,5.8
Astore,precipitation,2008,December,12,157.3
Astore,precipitation,2009,January,1,145.0
Astore,precipitation,2009,February,2,94.1
Astore,precipitation,2009,March,3,58.7
Astore,precipitation,2009,April,4,85.0
Astore,precipitation,2009,May,5,26.9
Astore,precipitation,2009,June,6,38.0
Astore,precipitation,2009,July,7,22.1
Astore,precipitation,2009,August,8,9.2
Astore,precipitation,2009,September,9,9.4
Astore,precipitation,2009,October,10,5.8
Astore,precipitation,2009,November,11,7.9
Astore,precipitation,2009,December,12,15.9
Astore,precipitation,2010,January,1,6.4
Astore,precipitation,2010,February,2,93.8
Astore,precipitation,2010,March,3,68.2
Astore,precipitation,2010,April,4,103.1
Astore,precipitation,2010,May,5,177.6
Astore,precipitation,2010,June,6,70.8
Astore,precipitation,2010,July,7,79.3
Astore,precipitation,2010,August,8,26.2
Astore,precipitation,2010,September,9,11.2
Astore,precipitation,2010,October,10,2.5
Astore,precipitation,2010,November,11,0.0
Astore,precipitation,2010,December,12,6.0
Astore,precipitation,2011,January,1,24.6
Astore,precipitation,2011,February,2,127.5
Astore,precipitation,2011,March,3,75.4
Astore,precipitation,2011,April,4,41.1
Astore,precipitation,2011,May,5,19.9
Astore,precipitation,2011,June,6,15.8
Astore,precipitation,2011,July,7,40.1
Astore,precipitation,2011,August,8,8.0
Astore,precipitation,2011,September,9,10.0
Astore,precipitation,2011,October,10,18.9
Astore,precipitation,2011,November,11,12.6
Astore,precipitation,2011,December,12,19.0
Astore,precipitation,2012,January,1,21.3
Astore,precipitation,2012,February,2,36.4
Astore,precipitation,2012,March,3,62.1
Astore,precipitation,2012,April,4,34.2
Astore,precipitation,2012,May,5,37.2
Astore,precipitation,2012,June,6,29.2
Astore,precipitation,2012,July,7,10.2
Astore,precipitation,2012,August,8,18.2
Astore,precipitation,2012,September,9,12.5
Astore,precipitation,2012,October,10,10.5
Astore,precipitation,2012,November,11,7.0
Astore,precipitation,2012,December,12,36.2
Astore,precipitation,2013,January,1,39.1
Astore,precipitation,2013,February,2,52.4
Astore,precipitation,2013,March,3,36.2
Astore,precipitation,2013,April,4,33.6
Astore,precipitation,2013,May,5,133.3
Astore,precipitation,2013,June,6,15.7
Astore,precipitation,2013,July,7,9.1
Astore,precipitation,2013,August,8,37.6
Astore,precipitation,2013,September,9,13.9
Astore,precipitation,2013,October,10,7.7
Astore,precipitation,2013,November,11,2.6
Astore,precipitation,2013,December,12,6.9
Astore,precipitation,2014,January,1,0.0
Astore,precipitation,2014,February,2,0.0
Astore,precipitation,2014,March,3,76.3
Astore,precipitation,2014,April,4,31.7
Astore,precipitation,2014,May,5,59.1
Astore,precipitation,2014,June,6,8.5
Astore,precipitation,2014,July,7,31.1
Astore,precipitation,2014,August,8,16.2
Astore,precipitation,2014,September,9,9.4
Astore,precipitation,2014,October,10,16.6
Astore,precipitation,2014,November,11,31.1
Astore,precipitation,2014,December,12,0.0
Astore,precipitation,2015,January,1,0.0
Astore,precipitation,2015,February,2,51.1
Astore,precipitation,2015,March,3,42.1
Astore,precipitation,2015,April,4,85.7
Astore,precipitation,2015,May,5,30.6
Astore,precipitation,2015,June,6,46.6
Astore,precipitation,2015,July,7,39.0
Astore,precipitation,2015,August,8,33.4
Astore,precipitation,2015,September,9,12.0
Astore,precipitation,2015,October,10,29.3
Astore,precipitation,2015,November,11,44.0
Astore,precipitation,2015,December,12,27.6
Astore,precipitation,2016,January,1,0.0
Astore,precipitation,2016,February,2,0.0
Astore,precipitation,2016,March,3,96.5
Astore,precipitation,2016,April,4,148.3
Astore,precipitation,2016,May,5,37.9
Astore,precipitation,2016,June,6,16.3
Astore,precipitation,2016,July,7,20.0
Astore,precipitation,2016,August,8,19.7
Astore,precipitation,2016,September,9,5.6
Astore,precipitation,2016,October,10,0.1
Astore,precipitation,2016,November,11,0.0
Astore,precipitation,2016,December,12,2.7
Astore,precipitation,2017,January,1,8.5
Astore,precipitation,2017,February,2,7.41
Astore,precipitation,2017,March,3,19.51
Astore,precipitation,2017,April,4,115.4
Astore,precipitation,2017,May,5,11.73
Astore,precipitation,2017,June,6,19.5
Astore,precipitation,2017,July,7,17.0
Astore,precipitation,2017,August,8,24.81
Astore,precipitation,2017,September,9,5.9
Astore,precipitation,2017,October,10,0.0
Astore,precipitation,2017,November,11,3.5
Astore,precipitation,2017,December,12,4.0
Astore,precipitation,2018,January,1,0.0
Astore,precipitation,2018,February,2,4.61
Astore,precipitation,2018,March,3,74.92
Astore,precipitation,2018,April,4,61.51
Astore,precipitation,2018,May,5,38.31
Astore,precipitation,2018,June,6,24.51
Astore,precipitation,2018,July,7,28.92
Astore,precipitation,2018,August,8,24.4
Astore,precipitation,2018,September,9,12.0
Astore,precipitation,2018,October,10,80.2
Astore,precipitation,2018,November,11,29.0
Astore,precipitation,2018,December,12,0.0
Astore,precipitation,2019,January,1,12.7
Astore,precipitation,2019,February,2,80.33
Astore,precipitation,2019,March,3,60.0
Astore,precipitation,2019,April,4,33.91
Astore,precipitation,2019,May,5,31.8
Astore,precipitation,2019,June,6,112.03
Astore,precipitation,2019,July,7,3.92
Astore,precipitation,2019,August,8,23.6
Astore,precipitation,2019,September,9,0.0
Astore,precipitation,2019,October,10,10.5
Astore,precipitation,2019,November,11,120.42
Astore,precipitation,2019,December,12,9.51
Bunji,max_temp,2009,January,1,10.0
Bunji,max_temp,2009,February,2,12.4
Bunji,max_temp,2009,March,3,18.5
Bunji,max_temp,2009,April,4,22.8
Bunji,max_temp,2009,May,5,29.0
Bunji,max_temp,2009,June,6,30.3
Bunji,max_temp,2009,July,7,34.4
Bunji,max_temp,2009,August,8,36.5
Bunji,max_temp,2009,September,9,30.7
Bunji,max_temp,2009,October,10,24.4
Bunji,max_temp,2009,November,11,17.8
Bunji,max_temp,2009,December,12,12.0
Bunji,max_temp,2010,January,1,12.584
Bunji,max_temp,2010,February,2,11.996
Bunji,max_temp,2010,March,3,22.087
Bunji,max_temp,2010,April,4,24.59
Bunji,max_temp,2010,May,5,26.371
Bunji,max_temp,2010,June,6,30.807
Bunji,max_temp,2010,July,7,33.445
Bunji,max_temp,2010,August,8,31.681
Bunji,max_temp,2010,September,9,29.983
Bunji,max_temp,2010,October,10,26.865
Bunji,max_temp,2010,November,11,20.267
Bunji,max_temp,2010,December,12,12.039
Bunji,max_temp,2011,January,1,10.474
Bunji,max_temp,2011,February,2,11.504
Bunji,max_temp,2011,March,3,20.013
Bunji,max_temp,2011,April,4,24.87
Bunji,max_temp,2011,May,5,31.703
Bunji,max_temp,2011,June,6,35.447
Bunji,max_temp,2011,July,7,34.942
Bunji,max_temp,2011,August,8,36.697
Bunji,max_temp,2011,September,9,29.723
Bunji,max_temp,2011,October,10,25.01
Bunji,max_temp,2011,November,11,18.883
Bunji,max_temp,2011,December,12,12.903
Bunji,max_temp,2012,January,1,9.9548
Bunji,max_temp,2012,February,2,11.669
Bunji,max_temp,2012,March,3,17.619
Bunji,max_temp,2012,April,4,23.637
Bunji,max_temp,2012,May,5,26.484
Bunji,max_temp,2012,June,6,31.117
Bunji,max_temp,2012,July,7,36.006
Bunji,max_temp,2012,August,8,35.094
Bunji,max_temp,2012,September,9,28.507
Bunji,max_temp,2012,October,10,23.503
Bunji,max_temp,2012,November,11,18.647
Bunji,max_temp,2012,December,12,12.0
Bunji,max_temp,2013,January,1,9.671
Bunji,max_temp,2013,February,2,13.421
Bunji,max_temp,2013,March,3,21.0
Bunji,max_temp,2013,April,4,24.887
Bunji,max_temp,2013,May,5,27.223
Bunji,max_temp,2013,June,6,35.553
Bunji,max_temp,2013,July,7,38.69
Bunji,max_temp,2013,August,8,34.748
Bunji,max_temp,2013,September,9,31.507
Bunji,max_temp,2013,October,10,27.687
Bunji,max_temp,2013,November,11,18.057
Bunji,max_temp,2013,December,12,13.255
Bunji,max_temp,2014,January,1,10.21
Bunji,max_temp,2014,February,2,13.846
Bunji,max_temp,2014,March,3,17.861
Bunji,max_temp,2014,April,4,23.74
Bunji,max_temp,2014,May,5,28.916
Bunji,max_temp,2014,June,6,33.973
Bunji,max_temp,2014,July,7,35.113
Bunji,max_temp,2014,August,8,34.023
Bunji,max_temp,2014,September,9,29.572
Bunji,max_temp,2014,October,10,23.91
Bunji,max_temp,2014,November,11,17.787
Bunji,max_temp,2014,December,12,12.277
Bunji,max_temp,2015,January,1,11.947
Bunji,max_temp,2015,February,2,14.325
Bunji,max_temp,2015,March,3,18.99
Bunji,max_temp,2015,April,4,25.367
Bunji,max_temp,2015,May,5,28.613
Bunji,max_temp,2015,June,6,31.09
Bunji,max_temp,2015,July,7,34.15
Bunji,max_temp,2015,August,8,33.65
Bunji,max_temp,2015,September,9,30.0
Bunji,max_temp,2015,October,10,11.526
Bunji,max_temp,2015,November,11,16.104
Bunji,max_temp,2015,December,12,12.307
Bunji,max_temp,2016,January,1,12.233
Bunji,max_temp,2016,February,2,15.969
Bunji,max_temp,2016,March,3,20.43
Bunji,max_temp,2016,April,4,22.77
Bunji,max_temp,2016,May,5,30.11
Bunji,max_temp,2016,June,6,34.49
Bunji,max_temp,2016,July,7,34.381
Bunji,max_temp,2016,August,8,32.526
Bunji,max_temp,2016,September,9,31.067
Bunji,max_temp,2016,October,10,26.213
Bunji,max_temp,2016,November,11,18.48
Bunji,max_temp,2016,December,12,14.645
Bunji,max_temp,2017,January,1,10.177
Bunji,max_temp,2017,February,2,13.796
Bunji,max_temp,2017,March,3,18.468
Bunji,max_temp,2017,April,4,23.137
Bunji,max_temp,2017,May,5,30.881
Bunji,max_temp,2017,June,6,33.553
Bunji,max_temp,2017,July,7,35.374
Bunji,max_temp,2017,August,8,34.8
Bunji,max_temp,2017,September,9,31.663
Bunji,max_temp,2017,October,10,26.174
Bunji,max_temp,2017,November,11,18.637
Bunji,max_temp,2017,December,12,13.071
Bunji,max_temp,2018,January,1,11.6
Bunji,max_temp,2018,February,2,15.9
Bunji,max_temp,2018,March,3,21.3
Bunji,max_temp,2018,April,4,26.5
Bunji,max_temp,2018,May,5,28.2
Bunji,max_temp,2018,June,6,33.9
Bunji,max_temp,2018,July,7,35.2
Bunji,max_temp,2018,August,8,37.2
Bunji,max_temp,2018,September,9,32.2
Bunji,max_temp,2018,October,10,23.3
Bunji,max_temp,2018,November,11,15.9
Bunji,max_temp,2018,December,12,11.8
Bunji,max_temp,2019,January,1,7.6
Bunji,max_temp,2019,February,2,11.0
Bunji,max_temp,2019,March,3,18.1
Bunji,max_temp,2019,April,4,26.1
Bunji,max_temp,2019,May,5,29.5
Bunji,max_temp,2019,June,6,29.3
Bunji,max_temp,2019,July,7,37.5
Bunji,max_temp,2019,August,8,35.4
Bunji,max_temp,2019,September,9,35.1
Bunji,max_temp,2019,October,10,24.5
Bunji,max_temp,2019,November,11,15.2
Bunji,max_temp,2019,December,12,10.0
Bunji,min_temp,2009,January,1,1.5
Bunji,min_temp,2009,February,2,3.5
Bunji,min_temp,2009,March,3,8.0
Bunji,min_temp,2009,April,4,12.0
Bunji,min_temp,2009,May,5,15.2
Bunji,min_temp,2009,June,6,17.8
Bunji,min_temp,2009,July,7,21.7
Bunji,min_temp,2009,August,8,23.4
Bunji,min_temp,2009,September,9,16.6
Bunji,min_temp,2009,October,10,10.9
Bunji,min_temp,2009,November,11,4.0
Bunji,min_temp,2009,December,12,2.0
Bunji,min_temp,2010,January,1,0.16452
Bunji,min_temp,2010,February,2,2.9071
Bunji,min_temp,2010,March,3,9.6194
Bunji,min_temp,2010,April,4,11.817
Bunji,min_temp,2010,May,5,14.065
Bunji,min_temp,2010,June,6,16.673
Bunji,min_temp,2010,July,7,20.79
Bunji,min_temp,2010,August,8,19.823
Bunji,min_temp,2010,September,9,16.067
Bunji,min_temp,2010,October,10,10.342
Bunji,min_temp,2010,November,11,4.29
Bunji,min_temp,2010,December,12,-1.429
Bunji,min_temp,2011,January,1,-0.46129
Bunji,min_temp,2011,February,2,1.9929
Bunji,min_temp,2011,March,3,7.8387
Bunji,min_temp,2011,April,4,12.11
Bunji,min_temp,2011,May,5,17.284
Bunji,min_temp,2011,June,6,20.56
Bunji,min_temp,2011,July,7,22.277
Bunji,min_temp,2011,August,8,22.997
Bunji,min_temp,2011,September,9,16.987
Bunji,min_temp,2011,October,10,11.216
Bunji,min_temp,2011,November,11,7.0467
Bunji,min_temp,2011,December,12,-0.57419
Bunji,min_temp,2012,January,1,-1.4129
Bunji,min_temp,2012,February,2,3.6552
Bunji,min_temp,2012,March,3,7.8161
Bunji,min_temp,2012,April,4,12.73
Bunji,min_temp,2012,May,5,11.79
Bunji,min_temp,2012,June,6,16.047
Bunji,min_temp,2012,July,7,22.442
Bunji,min_temp,2012,August,8,22.819
Bunji,min_temp,2012,September,9,17.03
Bunji,min_temp,2012,October,10,8.1839
Bunji,min_temp,2012,November,11,5.5033
Bunji,min_temp,2012,December,12,1.5194
Bunji,min_temp,2013,January,1,-2.8065
Bunji,min_temp,2013,February,2,3.5464
Bunji,min_temp,2013,March,3,9.4323
Bunji,min_temp,2013,April,4,13.377
Bunji,min_temp,2013,May,5,14.797
Bunji,min_temp,2013,June,6,20.123
Bunji,min_temp,2013,July,7,24.961
Bunji,min_temp,2013,August,8,23.49
Bunji,min_temp,2013,September,9,17.19
Bunji,min_temp,2013,October,10,13.345
Bunji,min_temp,2013,November,11,5.0433
Bunji,min_temp,2013,December,12,2.1968
Bunji,min_temp,2014,January,1,0.5
Bunji,min_temp,2014,February,2,4.8963
Bunji,min_temp,2014,March,3,8.6613
Bunji,min_temp,2014,April,4,11.94
Bunji,min_temp,2014,May,5,16.345
Bunji,min_temp,2014,June,6,19.939
Bunji,min_temp,2014,July,7,23.468
Bunji,min_temp,2014,August,8,21.571
Bunji,min_temp,2014,September,9,16.257
Bunji,min_temp,2014,October,10,12.63
Bunji,min_temp,2014,November,11,5.31
Bunji,min_temp,2014,December,12,0.60645
Bunji,min_temp,2015,January,1,1.33
Bunji,min_temp,2015,February,2,4.5429
Bunji,min_temp,2015,March,3,8.9452
Bunji,min_temp,2015,April,4,12.747
Bunji,min_temp,2015,May,5,15.906
Bunji,min_temp,2015,June,6,19.038
Bunji,min_temp,2015,July,7,24.855
Bunji,min_temp,2015,August,8,22.627
Bunji,min_temp,2015,September,9,16.307
Bunji,min_temp,2015,October,10,27.367
Bunji,min_temp,2015,November,11,6.0821
Bunji,min_temp,2015,December,12,2.2667
Bunji,min_temp,2016,January,1,1.5385
Bunji,min_temp,2016,February,2,3.6207
Bunji,min_temp,2016,March,3,10.216
Bunji,min_temp,2016,April,4,12.193
Bunji,min_temp,2016,May,5,16.519
Bunji,min_temp,2016,June,6,21.347
Bunji,min_temp,2016,July,7,22.448
Bunji,min_temp,2016,August,8,21.174
Bunji,min_temp,2016,September,9,17.59
Bunji,min_temp,2016,October,10,13.461
Bunji,min_temp,2016,November,11,6.5533
Bunji,min_temp,2016,December,12,2.8355
Bunji,min_temp,2017,January,1,2.3032
Bunji,min_temp,2017,February,2,4.7536
Bunji,min_temp,2017,March,3,8.7839
Bunji,min_temp,2017,April,4,12.047
Bunji,min_temp,2017,May,5,17.945
Bunji,min_temp,2017,June,6,21.227
Bunji,min_temp,2017,July,7,24.481
Bunji,min_temp,2017,August,8,22.774
Bunji,min_temp,2017,September,9,18.107
Bunji,min_temp,2017,October,10,13.584
Bunji,min_temp,2017,November,11,6.1733
Bunji,min_temp,2017,December,12,3.12
Bunji,min_temp,2018,January,1,0.6
Bunji,min_temp,2018,February,2,5.9
Bunji,min_temp,2018,March,3,10.1
Bunji,min_temp,2018,April,4,14.2
Bunji,min_temp,2018,May,5,16.1
Bunji,min_temp,2018,June,6,21.8
Bunji,min_temp,2018,July,7,24.3
Bunji,min_temp,2018,August,8,24.7
Bunji,min_temp,2018,September,9,19.3
Bunji,min_temp,2018,October,10,11.5
Bunji,min_temp,2018,November,11,6.2
Bunji,min_temp,2018,December,12,1.3
Bunji,min_temp,2019,January,1,0.2
Bunji,min_temp,2019,February,2,3.7
Bunji,min_temp,2019,March,3,8.3
Bunji,min_temp,2019,April,4,14.5
Bunji,min_temp,2019,May,5,16.0
Bunji,min_temp,2019,June,6,17.7
Bunji,min_temp,2019,July,7,23.5
Bunji,min_temp,2019,August,8,23.6
Bunji,min_temp,2019,September,9,21.4
Bunji,min_temp,2019,October,10,11.6
Bunji,min_temp,2019,November,11,6.9
Bunji,min_temp,2019,December,12,0.2
Bunji,min_temp,2009,January,1,35.6
Bunji,min_temp,2009,February,2,24.8
Bunji,min_temp,2009,March,3,5.6
Bunji,min_temp,2009,April,4,20.8
Bunji,min_temp,2009,May,5,17.0
Bunji,min_temp,2009,June,6,13.9
Bunji,min_temp,2009,July,7,5.6
Bunji,min_temp,2009,August,8,14.3
Bunji,min_temp,2009,September,9,6.4
Bunji,min_temp,2009,October,10,3.8
Bunji,min_temp,2009,November,11,1.3
Bunji,min_temp,2009,December,12,6.1
Bunji,min_temp,2010,January,1,0.1
Bunji,min_temp,2010,February,2,42.7
Bunji,min_temp,2010,March,3,5.8
Bunji,min_temp,2010,April,4,25.8
Bunji,min_temp,2010,May,5,62.3
Bunji,min_temp,2010,June,6,19.7
Bunji,min_temp,2010,July,7,44.1
Bunji,min_temp,2010,August,8,92.1
Bunji,min_temp,2010,September,9,7.8
Bunji,min_temp,2010,October,10,1.2
Bunji,min_temp,2010,November,11,0.0
Bunji,min_temp,2010,December,12,0.0
Bunji,min_temp,2011,January,1,11.0
Bunji,min_temp,2011,February,2,74.3
Bunji,min_temp,2011,March,3,23.4
Bunji,min_temp,2011,April,4,4.1
Bunji,min_temp,2011,May,5,14.5
Bunji,min_temp,2011,June,6,9.3
Bunji,min_temp,2011,July,7,9.5
Bunji,min_temp,2011,August,8,5.0
Bunji,min_temp,2011,September,9,51.2
Bunji,min_temp,2011,October,10,10.1
Bunji,min_temp,2011,November,11,1.2
Bunji,min_temp,2011,December,12,0.0
Bunji,min_temp,2012,January,1,4.0
Bunji,min_temp,2012,February,2,2.0
Bunji,min_temp,2012,March,3,46.0
Bunji,min_temp,2012,April,4,14.5
Bunji,min_temp,2012,May,5,1.1
Bunji,min_temp,2012,June,6,2.7
Bunji,min_temp,2012,July,7,5.1
Bunji,min_temp,2012,August,8,11.1
Bunji,min_temp,2012,September,9,75.3
Bunji,min_temp,2012,October,10,0.0
Bunji,min_temp,2012,November,11,0.2
Bunji,min_temp,2012,December,12,11.0
Bunji,min_temp,2013,January,1,1.1
Bunji,min_temp,2013,February,2,1.4
Bunji,min_temp,2013,March,3,6.2
Bunji,min_temp,2013,April,4,18.9
Bunji,min_temp,2013,May,5,53.6
Bunji,min_temp,2013,June,6,13.0
Bunji,min_temp,2013,July,7,2.0
Bunji,min_temp,2013,August,8,41.0
Bunji,min_temp,2013,September,9,15.4
Bunji,min_temp,2013,October,10,0.0
Bunji,min_temp,2013,November,11,0.0
Bunji,min_temp,2013,December,12,0.0
Bunji,min_temp,2014,January,1,13.1
Bunji,min_temp,2014,February,2,1.2
Bunji,min_temp,2014,March,3,6.2
Bunji,min_temp,2014,April,4,13.0
Bunji,min_temp,2014,May,5,8.1
Bunji,min_temp,2014,June,6,0.7
Bunji,min_temp,2014,July,7,35.1
Bunji,min_temp,2014,August,8,10.4
Bunji,min_temp,2014,September,9,50.3
Bunji,min_temp,2014,October,10,12.6
Bunji,min_temp,2014,November,11,2.0
Bunji,min_temp,2014,December,12,0.1
Bunji,min_temp,2015,January,1,1.7
Bunji,min_temp,2015,February,2,21.4
Bunji,min_temp,2015,March,3,22.7
Bunji,min_temp,2015,April,4,36.7
Bunji,min_temp,2015,May,5,22.5
Bunji,min_temp,2015,June,6,4.8
Bunji,min_temp,2015,July,7,7.6
Bunji,min_temp,2015,August,8,29.5
Bunji,min_temp,2015,September,9,27.1
Bunji,min_temp,2015,October,10,2.5
Bunji,min_temp,2015,November,11,8.5
Bunji,min_temp,2015,December,12,9.5
Bunji,min_temp,2016,January,1,0.1
Bunji,min_temp,2016,February,2,10.1
Bunji,min_temp,2016,March,3,17.3
Bunji,min_temp,2016,April,4,25.0
Bunji,min_temp,2016,May,5,18.5
Bunji,min_temp,2016,June,6,1.8
Bunji,min_temp,2016,July,7,21.6
Bunji,min_temp,2016,August,8,19.0
Bunji,min_temp,2016,September,9,10.4
Bunji,min_temp,2016,October,10,0.2
Bunji,min_temp,2016,November,11,0.0
Bunji,min_temp,2016,December,12,0.0
Bunji,min_temp,2017,January,1,8.81
Bunji,min_temp,2017,February,2,10.84
Bunji,min_temp,2017,March,3,6.92
Bunji,min_temp,2017,April,4,63.94
Bunji,min_temp,2017,May,5,10.71
Bunji,min_temp,2017,June,6,8.71
Bunji,min_temp,2017,July,7,4.94
Bunji,min_temp,2017,August,8,19.6
Bunji,min_temp,2017,September,9,12.25
Bunji,min_temp,2017,October,10,0.0
Bunji,min_temp,2017,November,11,0.0
Bunji,min_temp,2017,December,12,0.63
Bunji,min_temp,2018,January,1,0.0
Bunji,min_temp,2018,February,2,0.07
Bunji,min_temp,2018,March,3,21.81
Bunji,min_temp,2018,April,4,13.12
Bunji,min_temp,2018,May,5,20.55
Bunji,min_temp,2018,June,6,3.05
Bunji,min_temp,2018,July,7,19.25
Bunji,min_temp,2018,August,8,9.22
Bunji,min_temp,2018,September,9,11.02
Bunji,min_temp,2018,October,10,0.05
Bunji,min_temp,2018,November,11,24.5
Bunji,min_temp,2018,December,12,0.0
Bunji,min_temp,2019,January,1,18.25
Bunji,min_temp,2019,February,2,16.35
Bunji,min_temp,2019,March,3,13.52
Bunji,min_temp,2019,April,4,7.55
Bunji,min_temp,2019,May,5,13.73
Bunji,min_temp,2019,June,6,32.46
Bunji,min_temp,2019,July,7,12.54
Bunji,min_temp,2019,August,8,14.83
Bunji,min_temp,2019,September,9,0.0
Bunji,min_temp,2019,October,10,5.45
Bunji,min_temp,2019,November,11,24.56
Bunji,min_temp,2019,December,12,1.51
Chilas,max_temp,1984,January,1,12.6
Chilas,max_temp,1984,February,2,13.0
Chilas,max_temp,1984,March,3,22.2
Chilas,max_temp,1984,April,4,25.8
Chilas,max_temp,1984,May,5,30.0
Chilas,max_temp,1984,June,6,40.3
Chilas,max_temp,1984,July,7,38.4
Chilas,max_temp,1984,August,8,41.0
Chilas,max_temp,1984,September,9,33.0
Chilas,max_temp,1984,October,10,28.9
Chilas,max_temp,1984,November,11,19.5
Chilas,max_temp,1984,December,12,13.3
Chilas,max_temp,1985,January,1,12.4
Chilas,max_temp,1985,February,2,17.7
Chilas,max_temp,1985,March,3,23.7
Chilas,max_temp,1985,April,4,28.0
Chilas,max_temp,1985,May,5,31.1
Chilas,max_temp,1985,June,6,37.6
Chilas,max_temp,1985,July,7,41.2
Chilas,max_temp,1985,August,8,38.5
Chilas,max_temp,1985,September,9,35.4
Chilas,max_temp,1985,October,10,27.9
Chilas,max_temp,1985,November,11,21.3
Chilas,max_temp,1985,December,12,12.6
Chilas,max_temp,1986,January,1,12.4
Chilas,max_temp,1986,February,2,14.4
Chilas,max_temp,1986,March,3,17.6
Chilas,max_temp,1986,April,4,24.6
Chilas,max_temp,1986,May,5,30.4
Chilas,max_temp,1986,June,6,35.8
Chilas,max_temp,1986,July,7,38.9
Chilas,max_temp,1986,August,8,36.5
Chilas,max_temp,1986,September,9,34.4
Chilas,max_temp,1986,October,10,30.0
Chilas,max_temp,1986,November,11,19.8
Chilas,max_temp,1986,December,12,11.6
Chilas,max_temp,1987,January,1,13.3
Chilas,max_temp,1987,February,2,16.2
Chilas,max_temp,1987,March,3,20.4
Chilas,max_temp,1987,April,4,25.5
Chilas,max_temp,1987,May,5,28.8
Chilas,max_temp,1987,June,6,34.4
Chilas,max_temp,1987,July,7,38.2
Chilas,max_temp,1987,August,8,39.2
Chilas,max_temp,1987,September,9,37.1
Chilas,max_temp,1987,October,10,23.7
Chilas,max_temp,1987,November,11,21.2
Chilas,max_temp,1987,December,12,14.0
Chilas,max_temp,1988,January,1,13.3
Chilas,max_temp,1988,February,2,15.1
Chilas,max_temp,1988,March,3,18.3
Chilas,max_temp,1988,April,4,28.1
Chilas,max_temp,1988,May,5,33.9
Chilas,max_temp,1988,June,6,37.0
Chilas,max_temp,1988,July,7,40.1
Chilas,max_temp,1988,August,8,37.1
Chilas,max_temp,1988,September,9,36.2
Chilas,max_temp,1988,October,10,27.9
Chilas,max_temp,1988,November,11,24.0
Chilas,max_temp,1988,December,12,14.5
Chilas,max_temp,1989,January,1,12.1
Chilas,max_temp,1989,February,2,13.8
Chilas,max_temp,1989,March,3,19.8
Chilas,max_temp,1989,April,4,24.4
Chilas,max_temp,1989,May,5,27.5
Chilas,max_temp,1989,June,6,36.9
Chilas,max_temp,1989,July,7,35.7
Chilas,max_temp,1989,August,8,34.0
Chilas,max_temp,1989,September,9,34.5
Chilas,max_temp,1989,October,10,28.2
Chilas,max_temp,1989,November,11,19.2
Chilas,max_temp,1989,December,12,13.9
Chilas,max_temp,1990,January,1,12.4
Chilas,max_temp,1990,February,2,13.3
Chilas,max_temp,1990,March,3,18.1
Chilas,max_temp,1990,April,4,24.1
Chilas,max_temp,1990,May,5,36.0
Chilas,max_temp,1990,June,6,37.9
Chilas,max_temp,1990,July,7,41.1
Chilas,max_temp,1990,August,8,39.6
Chilas,max_temp,1990,September,9,36.3
Chilas,max_temp,1990,October,10,28.0
Chilas,max_temp,1990,November,11,22.1
Chilas,max_temp,1990,December,12,13.3
Chilas,max_temp,1991,January,1,9.4
Chilas,max_temp,1991,February,2,12.5
Chilas,max_temp,1991,March,3,18.6
Chilas,max_temp,1991,April,4,24.4
Chilas,max_temp,1991,May,5,27.4
Chilas,max_temp,1991,June,6,36.8
Chilas,max_temp,1991,July,7,37.9
Chilas,max_temp,1991,August,8,38.8
Chilas,max_temp,1991,September,9,34.9
Chilas,max_temp,1991,October,10,26.9
Chilas,max_temp,1991,November,11,20.9
Chilas,max_temp,1991,December,12,14.2
Chilas,max_temp,1992,January,1,10.3
Chilas,max_temp,1992,February,2,12.8
Chilas,max_temp,1992,March,3,15.1
Chilas,max_temp,1992,April,4,23.8
Chilas,max_temp,1992,May,5,29.6
Chilas,max_temp,1992,June,6,36.0
Chilas,max_temp,1992,July,7,37.4
Chilas,max_temp,1992,August,8,37.8
Chilas,max_temp,1992,September,9,31.3
Chilas,max_temp,1992,October,10,26.1
Chilas,max_temp,1992,November,11,20.2
Chilas,max_temp,1992,December,12,14.4
Chilas,max_temp,1993,January,1,10.3
Chilas,max_temp,1993,February,2,15.4
Chilas,max_temp,1993,March,3,17.1
Chilas,max_temp,1993,April,4,28.1
Chilas,max_temp,1993,May,5,32.2
Chilas,max_temp,1993,June,6,36.3
Chilas,max_temp,1993,July,7,36.3
Chilas,max_temp,1993,August,8,37.4
Chilas,max_temp,1993,September,9,35.3
Chilas,max_temp,1993,October,10,27.1
Chilas,max_temp,1993,November,11,18.6
Chilas,max_temp,1993,December,12,14.2
Chilas,max_temp,1994,January,1,11.2
Chilas,max_temp,1994,February,2,11.7
Chilas,max_temp,1994,March,3,19.5
Chilas,max_temp,1994,April,4,22.7
Chilas,max_temp,1994,May,5,31.1
Chilas,max_temp,1994,June,6,36.7
Chilas,max_temp,1994,July,7,41.8
Chilas,max_temp,1994,August,8,40.8
Chilas,max_temp,1994,September,9,33.7
Chilas,max_temp,1994,October,10,26.9
Chilas,max_temp,1994,November,11,21.6
Chilas,max_temp,1994,December,12,11.9
Chilas,max_temp,1995,January,1,9.7
Chilas,max_temp,1995,February,2,13.7
Chilas,max_temp,1995,March,3,19.3
Chilas,max_temp,1995,April,4,23.0
Chilas,max_temp,1995,May,5,31.5
Chilas,max_temp,1995,June,6,36.7
Chilas,max_temp,1995,July,7,39.4
Chilas,max_temp,1995,August,8,39.8
Chilas,max_temp,1995,September,9,35.2
Chilas,max_temp,1995,October,10,27.0
Chilas,max_temp,1995,November,11,21.4
Chilas,max_temp,1995,December,12,11.3
Chilas,max_temp,1996,January,1,10.8
Chilas,max_temp,1996,February,2,14.7
Chilas,max_temp,1996,March,3,18.3
Chilas,max_temp,1996,April,4,24.5
Chilas,max_temp,1996,May,5,24.9
Chilas,max_temp,1996,June,6,35.0
Chilas,max_temp,1996,July,7,38.1
Chilas,max_temp,1996,August,8,37.7
Chilas,max_temp,1996,September,9,37.7
Chilas,max_temp,1996,October,10,26.3
Chilas,max_temp,1996,November,11,20.7
Chilas,max_temp,1996,December,12,13.9
Chilas,max_temp,1997,January,1,13.4
Chilas,max_temp,1997,February,2,16.4
Chilas,max_temp,1997,March,3,18.3
Chilas,max_temp,1997,April,4,26.2
Chilas,max_temp,1997,May,5,29.9
Chilas,max_temp,1997,June,6,36.9
Chilas,max_temp,1997,July,7,42.4
Chilas,max_temp,1997,August,8,38.7
Chilas,max_temp,1997,September,9,35.2
Chilas,max_temp,1997,October,10,27.8
Chilas,max_temp,1997,November,11,19.9
Chilas,max_temp,1997,December,12,13.7
Chilas,max_temp,1998,January,1,11.7
Chilas,max_temp,1998,February,2,13.7
Chilas,max_temp,1998,March,3,19.5
Chilas,max_temp,1998,April,4,26.5
Chilas,max_temp,1998,May,5,30.1
Chilas,max_temp,1998,June,6,33.6
Chilas,max_temp,1998,July,7,40.9
Chilas,max_temp,1998,August,8,39.4
Chilas,max_temp,1998,September,9,35.8
Chilas,max_temp,1998,October,10,30.2
Chilas,max_temp,1998,November,11,22.7
Chilas,max_temp,1998,December,12,15.8
Chilas,max_temp,1999,January,1,11.8
Chilas,max_temp,1999,February,2,14.4
Chilas,max_temp,1999,March,3,18.6
Chilas,max_temp,1999,April,4,24.6
Chilas,max_temp,1999,May,5,32.4
Chilas,max_temp,1999,June,6,37.5
Chilas,max_temp,1999,July,7,40.0
Chilas,max_temp,1999,August,8,37.0
Chilas,max_temp,1999,September,9,36.7
Chilas,max_temp,1999,October,10,29.4
Chilas,max_temp,1999,November,11,19.2
Chilas,max_temp,1999,December,12,16.2
Chilas,max_temp,2000,January,1,12.7
Chilas,max_temp,2000,February,2,14.6
Chilas,max_temp,2000,March,3,20.5
Chilas,max_temp,2000,April,4,28.0
Chilas,max_temp,2000,May,5,37.3
Chilas,max_temp,2000,June,6,37.8
Chilas,max_temp,2000,July,7,38.1
Chilas,max_temp,2000,August,8,38.2
Chilas,max_temp,2000,September,9,35.0
Chilas,max_temp,2000,October,10,29.7
Chilas,max_temp,2000,November,11,21.5
Chilas,max_temp,2000,December,12,14.9
Chilas,max_temp,2001,January,1,14.1
Chilas,max_temp,2001,February,2,16.9
Chilas,max_temp,2001,March,3,22.5
Chilas,max_temp,2001,April,4,27.6
Chilas,max_temp,2001,May,5,37.0
Chilas,max_temp,2001,June,6,38.5
Chilas,max_temp,2001,July,7,39.6
Chilas,max_temp,2001,August,8,38.8
Chilas,max_temp,2001,September,9,32.8
Chilas,max_temp,2001,October,10,30.0
Chilas,max_temp,2001,November,11,19.3
Chilas,max_temp,2001,December,12,14.8
Chilas,max_temp,2002,January,1,12.5
Chilas,max_temp,2002,February,2,14.8
Chilas,max_temp,2002,March,3,21.5
Chilas,max_temp,2002,April,4,24.6
Chilas,max_temp,2002,May,5,31.5
Chilas,max_temp,2002,June,6,37.0
Chilas,max_temp,2002,July,7,38.3
Chilas,max_temp,2002,August,8,38.4
Chilas,max_temp,2002,September,9,33.1
Chilas,max_temp,2002,October,10,29.6
Chilas,max_temp,2002,November,11,22.1
Chilas,max_temp,2002,December,12,14.3
Chilas,max_temp,2003,January,1,14.3
Chilas,max_temp,2003,February,2,14.0
Chilas,max_temp,2003,March,3,17.8
Chilas,max_temp,2003,April,4,25.4
Chilas,max_temp,2003,May,5,27.5
Chilas,max_temp,2003,June,6,37.6
Chilas,max_temp,2003,July,7,40.7
Chilas,max_temp,2003,August,8,37.4
Chilas,max_temp,2003,September,9,32.6
Chilas,max_temp,2003,October,10,27.8
Chilas,max_temp,2003,November,11,20.1
Chilas,max_temp,2003,December,12,13.2
Chilas,max_temp,2004,January,1,12.6
Chilas,max_temp,2004,February,2,16.4
Chilas,max_temp,2004,March,3,24.1
Chilas,max_temp,2004,April,4,26.3
Chilas,max_temp,2004,May,5,32.1
Chilas,max_temp,2004,June,6,35.3
Chilas,max_temp,2004,July,7,37.3
Chilas,max_temp,2004,August,8,37.1
Chilas,max_temp,2004,September,9,35.6
Chilas,max_temp,2004,October,10,25.7
Chilas,max_temp,2004,November,11,22.6
Chilas,max_temp,2004,December,12,15.2
Chilas,max_temp,2005,January,1,11.5
Chilas,max_temp,2005,February,2,10.9
Chilas,max_temp,2005,March,3,20.4
Chilas,max_temp,2005,April,4,23.9
Chilas,max_temp,2005,May,5,28.8
Chilas,max_temp,2005,June,6,36.9
Chilas,max_temp,2005,July,7,38.3
Chilas,max_temp,2005,August,8,39.2
Chilas,max_temp,2005,September,9,36.9
Chilas,max_temp,2005,October,10,29.5
Chilas,max_temp,2005,November,11,20.5
Chilas,max_temp,2005,December,12,13.1
Chilas,max_temp,2006,January,1,10.5
Chilas,max_temp,2006,February,2,18.1
Chilas,max_temp,2006,March,3,21.5
Chilas,max_temp,2006,April,4,27.3
Chilas,max_temp,2006,May,5,36.3
Chilas,max_temp,2006,June,6,35.8
Chilas,max_temp,2006,July,7,40.9
Chilas,max_temp,2006,August,8,37.0
Chilas,max_temp,2006,September,9,35.0
Chilas,max_temp,2006,October,10,31.6
Chilas,max_temp,2006,November,11,22.0
Chilas,max_temp,2006,December,12,13.2
Chilas,max_temp,2007,January,1,14.7
Chilas,max_temp,2007,February,2,18.1
Chilas,max_temp,2007,March,3,20.4
Chilas,max_temp,2007,April,4,31.6
Chilas,max_temp,2007,May,5,34.1
Chilas,max_temp,2007,June,6,37.5
Chilas,max_temp,2007,July,7,38.0
Chilas,max_temp,2007,August,8,38.3
Chilas,max_temp,2007,September,9,35.3
Chilas,max_temp,2007,October,10,29.3
Chilas,max_temp,2007,November,11,23.9
Chilas,max_temp,2007,December,12,14.4
Chilas,max_temp,2008,January,1,9.2
Chilas,max_temp,2008,February,2,14.3
Chilas,max_temp,2008,March,3,23.7
Chilas,max_temp,2008,April,4,26.9
Chilas,max_temp,2008,May,5,34.2
Chilas,max_temp,2008,June,6,39.9
Chilas,max_temp,2008,July,7,38.6
Chilas,max_temp,2008,August,8,37.5
Chilas,max_temp,2008,September,9,33.3
Chilas,max_temp,2008,October,10,29.6
Chilas,max_temp,2008,November,11,20.5
Chilas,max_temp,2008,December,12,12.3
Chilas,max_temp,2009,January,1,10.9
Chilas,max_temp,2009,February,2,14.5
Chilas,max_temp,2009,March,3,20.2
Chilas,max_temp,2009,April,4,24.3
Chilas,max_temp,2009,May,5,31.4
Chilas,max_temp,2009,June,6,33.3
Chilas,max_temp,2009,July,7,38.3
Chilas,max_temp,2009,August,8,40.1
Chilas,max_temp,2009,September,9,33.7
Chilas,max_temp,2009,October,10,27.0
Chilas,max_temp,2009,November,11,19.6
Chilas,max_temp,2009,December,12,13.8
Chilas,max_temp,2010,January,1,14.9
Chilas,max_temp,2010,February,2,13.4
Chilas,max_temp,2010,March,3,23.2
Chilas,max_temp,2010,April,4,26.6
Chilas,max_temp,2010,May,5,28.9
Chilas,max_temp,2010,June,6,33.1
Chilas,max_temp,2010,July,7,36.5
Chilas,max_temp,2010,August,8,34.3
Chilas,max_temp,2010,September,9,32.6
Chilas,max_temp,2010,October,10,30.2
Chilas,max_temp,2010,November,11,23.2
Chilas,max_temp,2010,December,12,14.7
Chilas,max_temp,2011,January,1,13.6
Chilas,max_temp,2011,February,2,12.8
Chilas,max_temp,2011,March,3,20.5
Chilas,max_temp,2011,April,4,25.9
Chilas,max_temp,2011,May,5,34.9
Chilas,max_temp,2011,June,6,38.3
Chilas,max_temp,2011,July,7,37.1
Chilas,max_temp,2011,August,8,38.3
Chilas,max_temp,2011,September,9,32.9
Chilas,max_temp,2011,October,10,28.0
Chilas,max_temp,2011,November,11,20.9
Chilas,max_temp,2011,December,12,14.7
Chilas,max_temp,2012,January,1,11.7
Chilas,max_temp,2012,February,2,13.3
Chilas,max_temp,2012,March,3,18.8
Chilas,max_temp,2012,April,4,26.5
Chilas,max_temp,2012,May,5,29.3
Chilas,max_temp,2012,June,6,34.1
Chilas,max_temp,2012,July,7,39.4
Chilas,max_temp,2012,August,8,38.0
Chilas,max_temp,2012,September,9,31.6
Chilas,max_temp,2012,October,10,26.7
Chilas,max_temp,2012,November,11,20.8
Chilas,max_temp,2012,December,12,14.2
Chilas,max_temp,2013,January,1,12.148387096774192
Chilas,max_temp,2013,February,2,14.496774193548386
Chilas,max_temp,2013,March,3,19.82580645161291
Chilas,max_temp,2013,April,4,25.91612903225806
Chilas,max_temp,2013,May,5,31.474193548387092
Chilas,max_temp,2013,June,6,36.577419354838696
Chilas,max_temp,2013,July,7,38.97419354838709
Chilas,max_temp,2013,August,8,38.26451612903225
Chilas,max_temp,2013,September,9,34.645161290322584
Chilas,max_temp,2013,October,10,28.212903225806457
Chilas,max_temp,2013,November,11,20.983870967741932
Chilas,max_temp,2013,December,12,13.799999999999999
Chilas,max_temp,2014,January,1,12.757
Chilas,max_temp,2014,February,2,15.7
Chilas,max_temp,2014,March,3,19.097
Chilas,max_temp,2014,April,4,25.88
Chilas,max_temp,2014,May,5,30.884
Chilas,max_temp,2014,June,6,37.04
Chilas,max_temp,2014,July,7,38.91
Chilas,max_temp,2014,August,8,37.648
Chilas,max_temp,2014,September,9,33.397
Chilas,max_temp,2014,October,10,26.384
Chilas,max_temp,2014,November,11,19.44
Chilas,max_temp,2014,December,12,14.229
Chilas,max_temp,2015,January,1,13.723
Chilas,max_temp,2015,February,2,16.121
Chilas,max_temp,2015,March,3,20.752
Chilas,max_temp,2015,April,4,27.42
Chilas,max_temp,2015,May,5,31.165
Chilas,max_temp,2015,June,6,34.755
Chilas,max_temp,2015,July,7,34.767
Chilas,max_temp,2015,August,8,38.133
Chilas,max_temp,2015,September,9,35.2
Chilas,max_temp,2015,October,10,15.926
Chilas,max_temp,2015,November,11,18.267
Chilas,max_temp,2015,December,12,15.35
Chilas,max_temp,2016,January,1,14.482
Chilas,max_temp,2016,February,2,18.455
Chilas,max_temp,2016,March,3,21.757
Chilas,max_temp,2016,April,4,24.23
Chilas,max_temp,2016,May,5,33.329
Chilas,max_temp,2016,June,6,38.614
Chilas,max_temp,2016,July,7,39.213
Chilas,max_temp,2016,August,8,36.345
Chilas,max_temp,2016,September,9,35.34
Chilas,max_temp,2016,October,10,29.258
Chilas,max_temp,2016,November,11,20.84
Chilas,max_temp,2016,December,12,16.532
Chilas,max_temp,2017,January,1,11.629
Chilas,max_temp,2017,February,2,15.554
Chilas,max_temp,2017,March,3,20.258
Chilas,max_temp,2017,April,4,25.457
Chilas,max_temp,2017,May,5,34.226
Chilas,max_temp,2017,June,6,37.54
Chilas,max_temp,2017,July,7,39.839
Chilas,max_temp,2017,August,8,38.587
Chilas,max_temp,2017,September,9,34.853
Chilas,max_temp,2017,October,10,29.855
Chilas,max_temp,2017,November,11,21.666
Chilas,max_temp,2017,December,12,14.855
Chilas,max_temp,2018,January,1,14.1
Chilas,max_temp,2018,February,2,17.9
Chilas,max_temp,2018,March,3,23.4
Chilas,max_temp,2018,April,4,28.9
Chilas,max_temp,2018,May,5,31.8
Chilas,max_temp,2018,June,6,37.6
Chilas,max_temp,2018,July,7,39.3
Chilas,max_temp,2018,August,8,41.0
Chilas,max_temp,2018,September,9,35.3
Chilas,max_temp,2018,October,10,26.0
Chilas,max_temp,2018,November,11,17.6
Chilas,max_temp,2018,December,12,13.6
Chilas,max_temp,2019,January,1,9.2
Chilas,max_temp,2019,February,2,12.4
Chilas,max_temp,2019,March,3,19.5
Chilas,max_temp,2019,April,4,27.5
Chilas,max_temp,2019,May,5,31.2
Chilas,max_temp,2019,June,6,32.5
Chilas,max_temp,2019,July,7,40.6
Chilas,max_temp,2019,August,8,38.4
Chilas,max_temp,2019,September,9,38.2
Chilas,max_temp,2019,October,10,27.7
Chilas,max_temp,2019,November,11,16.8
Chilas,max_temp,2019,December,12,11.7
Chilas,min_temp,1984,January,1,-0.1
Chilas,min_temp,1984,February,2,1.9
Chilas,min_temp,1984,March,3,9.3
Chilas,min_temp,1984,April,4,14.0
Chilas,min_temp,1984,May,5,18.0
Chilas,min_temp,1984,June,6,27.2
Chilas,min_temp,1984,July,7,26.5
Chilas,min_temp,1984,August,8,28.6
Chilas,min_temp,1984,September,9,20.4
Chilas,min_temp,1984,October,10,14.2
Chilas,min_temp,1984,November,11,6.8
Chilas,min_temp,1984,December,12,1.2
Chilas,min_temp,1985,January,1,1.2
Chilas,min_temp,1985,February,2,3.3
Chilas,min_temp,1985,March,3,9.6
Chilas,min_temp,1985,April,4,15.3
Chilas,min_temp,1985,May,5,18.3
Chilas,min_temp,1985,June,6,24.4
Chilas,min_temp,1985,July,7,28.4
Chilas,min_temp,1985,August,8,27.1
Chilas,min_temp,1985,September,9,23.5
Chilas,min_temp,1985,October,10,14.8
Chilas,min_temp,1985,November,11,7.3
Chilas,min_temp,1985,December,12,3.3
Chilas,min_temp,1986,January,1,1.8
Chilas,min_temp,1986,February,2,3.5
Chilas,min_temp,1986,March,3,6.6
Chilas,min_temp,1986,April,4,12.7
Chilas,min_temp,1986,May,5,17.9
Chilas,min_temp,1986,June,6,23.1
Chilas,min_temp,1986,July,7,27.4
Chilas,min_temp,1986,August,8,24.7
Chilas,min_temp,1986,September,9,21.8
Chilas,min_temp,1986,October,10,15.4
Chilas,min_temp,1986,November,11,7.3
Chilas,min_temp,1986,December,12,2.4
Chilas,min_temp,1987,January,1,-0.1
Chilas,min_temp,1987,February,2,4.3
Chilas,min_temp,1987,March,3,8.8
Chilas,min_temp,1987,April,4,12.9
Chilas,min_temp,1987,May,5,16.7
Chilas,min_temp,1987,June,6,20.9
Chilas,min_temp,1987,July,7,25.0
Chilas,min_temp,1987,August,8,26.9
Chilas,min_temp,1987,September,9,23.5
Chilas,min_temp,1987,October,10,12.1
Chilas,min_temp,1987,November,11,6.0
Chilas,min_temp,1987,December,12,2.0
Chilas,min_temp,1988,January,1,3.6
Chilas,min_temp,1988,February,2,3.9
Chilas,min_temp,1988,March,3,7.4
Chilas,min_temp,1988,April,4,14.3
Chilas,min_temp,1988,May,5,19.7
Chilas,min_temp,1988,June,6,23.4
Chilas,min_temp,1988,July,7,28.2
Chilas,min_temp,1988,August,8,24.5
Chilas,min_temp,1988,September,9,22.5
Chilas,min_temp,1988,October,10,13.4
Chilas,min_temp,1988,November,11,7.1
Chilas,min_temp,1988,December,12,3.3
Chilas,min_temp,1989,January,1,0.1
Chilas,min_temp,1989,February,2,2.1
Chilas,min_temp,1989,March,3,8.7
Chilas,min_temp,1989,April,4,11.5
Chilas,min_temp,1989,May,5,14.7
Chilas,min_temp,1989,June,6,22.4
Chilas,min_temp,1989,July,7,24.6
Chilas,min_temp,1989,August,8,23.2
Chilas,min_temp,1989,September,9,21.8
Chilas,min_temp,1989,October,10,14.4
Chilas,min_temp,1989,November,11,8.0
Chilas,min_temp,1989,December,12,4.9
Chilas,min_temp,1990,January,1,3.3
Chilas,min_temp,1990,February,2,4.3
Chilas,min_temp,1990,March,3,8.0
Chilas,min_temp,1990,April,4,12.9
Chilas,min_temp,1990,May,5,23.0
Chilas,min_temp,1990,June,6,25.2
Chilas,min_temp,1990,July,7,29.1
Chilas,min_temp,1990,August,8,27.6
Chilas,min_temp,1990,September,9,25.1
Chilas,min_temp,1990,October,10,15.1
Chilas,min_temp,1990,November,11,8.9
Chilas,min_temp,1990,December,12,3.8
Chilas,min_temp,1991,January,1,1.0
Chilas,min_temp,1991,February,2,3.4
Chilas,min_temp,1991,March,3,8.4
Chilas,min_temp,1991,April,4,13.7
Chilas,min_temp,1991,May,5,16.5
Chilas,min_temp,1991,June,6,23.8
Chilas,min_temp,1991,July,7,26.4
Chilas,min_temp,1991,August,8,27.4
Chilas,min_temp,1991,September,9,23.6
Chilas,min_temp,1991,October,10,14.5
Chilas,min_temp,1991,November,11,8.2
Chilas,min_temp,1991,December,12,5.7
Chilas,min_temp,1992,January,1,2.7
Chilas,min_temp,1992,February,2,3.6
Chilas,min_temp,1992,March,3,6.3
Chilas,min_temp,1992,April,4,13.5
Chilas,min_temp,1992,May,5,17.5
Chilas,min_temp,1992,June,6,23.4
Chilas,min_temp,1992,July,7,26.2
Chilas,min_temp,1992,August,8,26.6
Chilas,min_temp,1992,September,9,20.3
Chilas,min_temp,1992,October,10,12.8
Chilas,min_temp,1992,November,11,8.0
Chilas,min_temp,1992,December,12,4.1
Chilas,min_temp,1993,January,1,1.1
Chilas,min_temp,1993,February,2,5.6
Chilas,min_temp,1993,March,3,6.2
Chilas,min_temp,1993,April,4,15.8
Chilas,min_temp,1993,May,5,19.8
Chilas,min_temp,1993,June,6,23.8
Chilas,min_temp,1993,July,7,25.2
Chilas,min_temp,1993,August,8,25.7
Chilas,min_temp,1993,September,9,23.2
Chilas,min_temp,1993,October,10,14.3
Chilas,min_temp,1993,November,11,7.1
Chilas,min_temp,1993,December,12,3.2
Chilas,min_temp,1994,January,1,2.6
Chilas,min_temp,1994,February,2,3.1
Chilas,min_temp,1994,March,3,9.6
Chilas,min_temp,1994,April,4,11.8
Chilas,min_temp,1994,May,5,19.1
Chilas,min_temp,1994,June,6,24.4
Chilas,min_temp,1994,July,7,29.5
Chilas,min_temp,1994,August,8,28.5
Chilas,min_temp,1994,September,9,21.9
Chilas,min_temp,1994,October,10,14.3
Chilas,min_temp,1994,November,11,8.7
Chilas,min_temp,1994,December,12,3.4
Chilas,min_temp,1995,January,1,0.5
Chilas,min_temp,1995,February,2,4.0
Chilas,min_temp,1995,March,3,8.7
Chilas,min_temp,1995,April,4,13.3
Chilas,min_temp,1995,May,5,19.4
Chilas,min_temp,1995,June,6,24.1
Chilas,min_temp,1995,July,7,27.8
Chilas,min_temp,1995,August,8,27.8
Chilas,min_temp,1995,September,9,22.7
Chilas,min_temp,1995,October,10,15.1
Chilas,min_temp,1995,November,11,7.5
Chilas,min_temp,1995,December,12,2.6
Chilas,min_temp,1996,January,1,0.9
Chilas,min_temp,1996,February,2,4.6
Chilas,min_temp,1996,March,3,8.9
Chilas,min_temp,1996,April,4,13.8
Chilas,min_temp,1996,May,5,14.8
Chilas,min_temp,1996,June,6,22.8
Chilas,min_temp,1996,July,7,25.9
Chilas,min_temp,1996,August,8,26.5
Chilas,min_temp,1996,September,9,24.7
Chilas,min_temp,1996,October,10,13.7
Chilas,min_temp,1996,November,11,7.0
Chilas,min_temp,1996,December,12,1.1
Chilas,min_temp,1997,January,1,1.4
Chilas,min_temp,1997,February,2,4.4
Chilas,min_temp,1997,March,3,8.7
Chilas,min_temp,1997,April,4,15.0
Chilas,min_temp,1997,May,5,18.5
Chilas,min_temp,1997,June,6,24.5
Chilas,min_temp,1997,July,7,29.2
Chilas,min_temp,1997,August,8,25.9
Chilas,min_temp,1997,September,9,22.9
Chilas,min_temp,1997,October,10,15.7
Chilas,min_temp,1997,November,11,8.3
Chilas,min_temp,1997,December,12,4.4
Chilas,min_temp,1998,January,1,2.1
Chilas,min_temp,1998,February,2,4.8
Chilas,min_temp,1998,March,3,8.5
Chilas,min_temp,1998,April,4,14.7
Chilas,min_temp,1998,May,5,18.3
Chilas,min_temp,1998,June,6,21.8
Chilas,min_temp,1998,July,7,28.7
Chilas,min_temp,1998,August,8,27.7
Chilas,min_temp,1998,September,9,23.7
Chilas,min_temp,1998,October,10,17.0
Chilas,min_temp,1998,November,11,8.2
Chilas,min_temp,1998,December,12,3.2
Chilas,min_temp,1999,January,1,3.4
Chilas,min_temp,1999,February,2,5.6
Chilas,min_temp,1999,March,3,8.9
Chilas,min_temp,1999,April,4,13.8
Chilas,min_temp,1999,May,5,19.7
Chilas,min_temp,1999,June,6,24.7
Chilas,min_temp,1999,July,7,27.6
Chilas,min_temp,1999,August,8,25.2
Chilas,min_temp,1999,September,9,24.1
Chilas,min_temp,1999,October,10,15.6
Chilas,min_temp,1999,November,11,8.5
Chilas,min_temp,1999,December,12,3.0
Chilas,min_temp,2000,January,1,3.0
Chilas,min_temp,2000,February,2,4.1
Chilas,min_temp,2000,March,3,9.1
Chilas,min_temp,2000,April,4,15.3
Chilas,min_temp,2000,May,5,23.5
Chilas,min_temp,2000,June,6,25.9
Chilas,min_temp,2000,July,7,27.2
Chilas,min_temp,2000,August,8,26.2
Chilas,min_temp,2000,September,9,22.1
Chilas,min_temp,2000,October,10,15.1
Chilas,min_temp,2000,November,11,8.2
Chilas,min_temp,2000,December,12,3.0
Chilas,min_temp,2001,January,1,0.5
Chilas,min_temp,2001,February,2,4.0
Chilas,min_temp,2001,March,3,8.9
Chilas,min_temp,2001,April,4,14.1
Chilas,min_temp,2001,May,5,21.5
Chilas,min_temp,2001,June,6,23.8
Chilas,min_temp,2001,July,7,24.2
Chilas,min_temp,2001,August,8,22.9
Chilas,min_temp,2001,September,9,20.8
Chilas,min_temp,2001,October,10,16.5
Chilas,min_temp,2001,November,11,7.4
Chilas,min_temp,2001,December,12,4.7
Chilas,min_temp,2002,January,1,2.0
Chilas,min_temp,2002,February,2,4.8
Chilas,min_temp,2002,March,3,10.4
Chilas,min_temp,2002,April,4,13.6
Chilas,min_temp,2002,May,5,20.0
Chilas,min_temp,2002,June,6,24.1
Chilas,min_temp,2002,July,7,26.3
Chilas,min_temp,2002,August,8,27.0
Chilas,min_temp,2002,September,9,20.5
Chilas,min_temp,2002,October,10,16.4
Chilas,min_temp,2002,November,11,9.3
Chilas,min_temp,2002,December,12,4.3
Chilas,min_temp,2003,January,1,3.4
Chilas,min_temp,2003,February,2,3.8
Chilas,min_temp,2003,March,3,7.9
Chilas,min_temp,2003,April,4,13.5
Chilas,min_temp,2003,May,5,15.7
Chilas,min_temp,2003,June,6,24.0
Chilas,min_temp,2003,July,7,28.9
Chilas,min_temp,2003,August,8,26.2
Chilas,min_temp,2003,September,9,21.2
Chilas,min_temp,2003,October,10,13.3
Chilas,min_temp,2003,November,11,7.0
Chilas,min_temp,2003,December,12,3.8
Chilas,min_temp,2004,January,1,4.0
Chilas,min_temp,2004,February,2,5.1
Chilas,min_temp,2004,March,3,12.1
Chilas,min_temp,2004,April,4,14.3
Chilas,min_temp,2004,May,5,19.4
Chilas,min_temp,2004,June,6,23.7
Chilas,min_temp,2004,July,7,26.1
Chilas,min_temp,2004,August,8,26.0
Chilas,min_temp,2004,September,9,22.7
Chilas,min_temp,2004,October,10,13.2
Chilas,min_temp,2004,November,11,8.5
Chilas,min_temp,2004,December,12,5.3
Chilas,min_temp,2005,January,1,3.4
Chilas,min_temp,2005,February,2,3.7
Chilas,min_temp,2005,March,3,10.5
Chilas,min_temp,2005,April,4,12.8
Chilas,min_temp,2005,May,5,16.8
Chilas,min_temp,2005,June,6,23.4
Chilas,min_temp,2005,July,7,27.1
Chilas,min_temp,2005,August,8,26.8
Chilas,min_temp,2005,September,9,23.5
Chilas,min_temp,2005,October,10,14.5
Chilas,min_temp,2005,November,11,7.0
Chilas,min_temp,2005,December,12,1.6
Chilas,min_temp,2006,January,1,1.2
Chilas,min_temp,2006,February,2,7.4
Chilas,min_temp,2006,March,3,9.8
Chilas,min_temp,2006,April,4,13.7
Chilas,min_temp,2006,May,5,22.3
Chilas,min_temp,2006,June,6,23.2
Chilas,min_temp,2006,July,7,27.7
Chilas,min_temp,2006,August,8,24.2
Chilas,min_temp,2006,September,9,20.7
Chilas,min_temp,2006,October,10,15.6
Chilas,min_temp,2006,November,11,7.3
Chilas,min_temp,2006,December,12,-0.1
Chilas,min_temp,2007,January,1,-0.6
Chilas,min_temp,2007,February,2,5.0
Chilas,min_temp,2007,March,3,6.1
Chilas,min_temp,2007,April,4,16.1
Chilas,min_temp,2007,May,5,21.5
Chilas,min_temp,2007,June,6,24.8
Chilas,min_temp,2007,July,7,25.4
Chilas,min_temp,2007,August,8,26.8
Chilas,min_temp,2007,September,9,22.3
Chilas,min_temp,2007,October,10,13.7
Chilas,min_temp,2007,November,11,7.6
Chilas,min_temp,2007,December,12,2.5
Chilas,min_temp,2008,January,1,0.5
Chilas,min_temp,2008,February,2,3.3
Chilas,min_temp,2008,March,3,11.6
Chilas,min_temp,2008,April,4,15.3
Chilas,min_temp,2008,May,5,21.1
Chilas,min_temp,2008,June,6,27.2
Chilas,min_temp,2008,July,7,27.1
Chilas,min_temp,2008,August,8,24.9
Chilas,min_temp,2008,September,9,20.0
Chilas,min_temp,2008,October,10,16.4
Chilas,min_temp,2008,November,11,8.0
Chilas,min_temp,2008,December,12,3.0
Chilas,min_temp,2009,January,1,2.4
Chilas,min_temp,2009,February,2,3.2
Chilas,min_temp,2009,March,3,8.7
Chilas,min_temp,2009,April,4,13.0
Chilas,min_temp,2009,May,5,18.3
Chilas,min_temp,2009,June,6,20.2
Chilas,min_temp,2009,July,7,25.4
Chilas,min_temp,2009,August,8,26.7
Chilas,min_temp,2009,September,9,20.4
Chilas,min_temp,2009,October,10,13.5
Chilas,min_temp,2009,November,11,5.5
Chilas,min_temp,2009,December,12,2.5
Chilas,min_temp,2010,January,1,2.1
Chilas,min_temp,2010,February,2,2.3
Chilas,min_temp,2010,March,3,9.5
Chilas,min_temp,2010,April,4,13.5
Chilas,min_temp,2010,May,5,15.4
Chilas,min_temp,2010,June,6,19.1
Chilas,min_temp,2010,July,7,23.4
Chilas,min_temp,2010,August,8,21.5
Chilas,min_temp,2010,September,9,19.0
Chilas,min_temp,2010,October,10,14.0
Chilas,min_temp,2010,November,11,7.5
Chilas,min_temp,2010,December,12,0.5
Chilas,min_temp,2011,January,1,-0.1
Chilas,min_temp,2011,February,2,1.5
Chilas,min_temp,2011,March,3,7.0
Chilas,min_temp,2011,April,4,11.8
Chilas,min_temp,2011,May,5,20.7
Chilas,min_temp,2011,June,6,26.1
Chilas,min_temp,2011,July,7,26.2
Chilas,min_temp,2011,August,8,26.1
Chilas,min_temp,2011,September,9,21.2
Chilas,min_temp,2011,October,10,15.1
Chilas,min_temp,2011,November,11,8.6
Chilas,min_temp,2011,December,12,2.3
Chilas,min_temp,2012,January,1,0.2
Chilas,min_temp,2012,February,2,2.9
Chilas,min_temp,2012,March,3,7.5
Chilas,min_temp,2012,April,4,14.5
Chilas,min_temp,2012,May,5,17.1
Chilas,min_temp,2012,June,6,21.6
Chilas,min_temp,2012,July,7,27.9
Chilas,min_temp,2012,August,8,26.5
Chilas,min_temp,2012,September,9,20.9
Chilas,min_temp,2012,October,10,14.0
Chilas,min_temp,2012,November,11,8.1
Chilas,min_temp,2012,December,12,3.3
Chilas,min_temp,2013,January,1,0.8774193548387097
Chilas,min_temp,2013,February,2,4.689285714285715
Chilas,min_temp,2013,March,3,10.229032258064516
Chilas,min_temp,2013,April,4,14.703333333333331
Chilas,min_temp,2013,May,5,17.883870967741935
Chilas,min_temp,2013,June,6,25.279999999999998
Chilas,min_temp,2013,July,7,28.35806451612903
Chilas,min_temp,2013,August,8,25.703225806451616
Chilas,min_temp,2013,September,9,21.79
Chilas,min_temp,2013,October,10,18.241935483870968
Chilas,min_temp,2013,November,11,7.533333333333333
Chilas,min_temp,2013,December,12,3.5161290322580645
Chilas,min_temp,2014,January,1,2.7548
Chilas,min_temp,2014,February,2,4.5964
Chilas,min_temp,2014,March,3,7.829
Chilas,min_temp,2014,April,4,13.95
Chilas,min_temp,2014,May,5,19.083
Chilas,min_temp,2014,June,6,24.15
Chilas,min_temp,2014,July,7,24.939
Chilas,min_temp,2014,August,8,25.426
Chilas,min_temp,2014,September,9,19.737
Chilas,min_temp,2014,October,10,14.758
Chilas,min_temp,2014,November,11,6.86
Chilas,min_temp,2014,December,12,3.2419
Chilas,min_temp,2015,January,1,2.2379
Chilas,min_temp,2015,February,2,5.9821
Chilas,min_temp,2015,March,3,8.8742
Chilas,min_temp,2015,April,4,14.15
Chilas,min_temp,2015,May,5,18.161
Chilas,min_temp,2015,June,6,21.931
Chilas,min_temp,2015,July,7,26.393
Chilas,min_temp,2015,August,8,26.847
Chilas,min_temp,2015,September,9,20.41
Chilas,min_temp,2015,October,10,31.367
Chilas,min_temp,2015,November,11,7.2857
Chilas,min_temp,2015,December,12,3.1852
Chilas,min_temp,2016,January,1,3.2308
Chilas,min_temp,2016,February,2,5.5241
Chilas,min_temp,2016,March,3,10.142
Chilas,min_temp,2016,April,4,13.167
Chilas,min_temp,2016,May,5,20.635
Chilas,min_temp,2016,June,6,25.98
Chilas,min_temp,2016,July,7,26.774
Chilas,min_temp,2016,August,8,25.403
Chilas,min_temp,2016,September,9,22.7
Chilas,min_temp,2016,October,10,16.887
Chilas,min_temp,2016,November,11,8.51
Chilas,min_temp,2016,December,12,4.129
Chilas,min_temp,2017,January,1,1.7742
Chilas,min_temp,2017,February,2,4.3107
Chilas,min_temp,2017,March,3,8.0452
Chilas,min_temp,2017,April,4,12.75
Chilas,min_temp,2017,May,5,21.226
Chilas,min_temp,2017,June,6,24.05
Chilas,min_temp,2017,July,7,27.806
Chilas,min_temp,2017,August,8,25.758
Chilas,min_temp,2017,September,9,22.4
Chilas,min_temp,2017,October,10,17.387
Chilas,min_temp,2017,November,11,8.3833
Chilas,min_temp,2017,December,12,0.14516
Chilas,min_temp,2018,January,1,1.4
Chilas,min_temp,2018,February,2,3.9
Chilas,min_temp,2018,March,3,9.0
Chilas,min_temp,2018,April,4,14.9
Chilas,min_temp,2018,May,5,18.4
Chilas,min_temp,2018,June,6,24.2
Chilas,min_temp,2018,July,7,26.5
Chilas,min_temp,2018,August,8,26.6
Chilas,min_temp,2018,September,9,23.0
Chilas,min_temp,2018,October,10,12.7
Chilas,min_temp,2018,November,11,6.2
Chilas,min_temp,2018,December,12,1.3
Chilas,min_temp,2019,January,1,0.0
Chilas,min_temp,2019,February,2,1.9
Chilas,min_temp,2019,March,3,6.0
Chilas,min_temp,2019,April,4,13.6
Chilas,min_temp,2019,May,5,18.4
Chilas,min_temp,2019,June,6,19.1
Chilas,min_temp,2019,July,7,28.0
Chilas,min_temp,2019,August,8,25.7
Chilas,min_temp,2019,September,9,24.2
Chilas,min_temp,2019,October,10,15.6
Chilas,min_temp,2019,November,11,5.9
Chilas,min_temp,2019,December,12,-0.4
Chilas,precipitation,1984,January,1,0.4
Chilas,precipitation,1984,February,2,6.7
Chilas,precipitation,1984,March,3,3.0
Chilas,precipitation,1984,April,4,20.1
Chilas,precipitation,1984,May,5,62.2
Chilas,precipitation,1984,June,6,0.0
Chilas,precipitation,1984,July,7,68.9
Chilas,precipitation,1984,August,8,0.0
Chilas,precipitation,1984,September,9,6.3
Chilas,precipitation,1984,October,10,0.0
Chilas,precipitation,1984,November,11,0.8
Chilas,precipitation,1984,December,12,5.9
Chilas,precipitation,1985,January,1,0.0
Chilas,precipitation,1985,February,2,2.0
Chilas,precipitation,1985,March,3,0.0
Chilas,precipitation,1985,April,4,6.3
Chilas,precipitation,1985,May,5,47.6
Chilas,precipitation,1985,June,6,0.2
Chilas,precipitation,1985,July,7,3.8
Chilas,precipitation,1985,August,8,12.3
Chilas,precipitation,1985,September,9,5.7
Chilas,precipitation,1985,October,10,0.0
Chilas,precipitation,1985,November,11,0.0
Chilas,precipitation,1985,December,12,59.9
Chilas,precipitation,1986,January,1,2.0
Chilas,precipitation,1986,February,2,18.8
Chilas,precipitation,1986,March,3,48.4
Chilas,precipitation,1986,April,4,38.5
Chilas,precipitation,1986,May,5,6.9
Chilas,precipitation,1986,June,6,22.0
Chilas,precipitation,1986,July,7,9.5
Chilas,precipitation,1986,August,8,14.1
Chilas,precipitation,1986,September,9,2.1
Chilas,precipitation,1986,October,10,0.0
Chilas,precipitation,1986,November,11,51.3
Chilas,precipitation,1986,December,12,17.5
Chilas,precipitation,1987,January,1,0.0
Chilas,precipitation,1987,February,2,2.0
Chilas,precipitation,1987,March,3,12.3
Chilas,precipitation,1987,April,4,65.5
Chilas,precipitation,1987,May,5,16.9
Chilas,precipitation,1987,June,6,41.7
Chilas,precipitation,1987,July,7,7.3
Chilas,precipitation,1987,August,8,12.6
Chilas,precipitation,1987,September,9,0.6
Chilas,precipitation,1987,October,10,146.2
Chilas,precipitation,1987,November,11,0.0
Chilas,precipitation,1987,December,12,19.8
Chilas,precipitation,1988,January,1,0.0
Chilas,precipitation,1988,February,2,30.9
Chilas,precipitation,1988,March,3,53.1
Chilas,precipitation,1988,April,4,30.3
Chilas,precipitation,1988,May,5,9.2
Chilas,precipitation,1988,June,6,28.3
Chilas,precipitation,1988,July,7,32.3
Chilas,precipitation,1988,August,8,42.7
Chilas,precipitation,1988,September,9,1.7
Chilas,precipitation,1988,October,10,1.7
Chilas,precipitation,1988,November,11,0.0
Chilas,precipitation,1988,December,12,22.4
Chilas,precipitation,1989,January,1,2.2
Chilas,precipitation,1989,February,2,17.8
Chilas,precipitation,1989,March,3,6.0
Chilas,precipitation,1989,April,4,20.7
Chilas,precipitation,1989,May,5,101.6
Chilas,precipitation,1989,June,6,6.7
Chilas,precipitation,1989,July,7,37.0
Chilas,precipitation,1989,August,8,15.8
Chilas,precipitation,1989,September,9,5.7
Chilas,precipitation,1989,October,10,1.2
Chilas,precipitation,1989,November,11,2.5
Chilas,precipitation,1989,December,12,0.0
Chilas,precipitation,1990,January,1,17.8
Chilas,precipitation,1990,February,2,17.3
Chilas,precipitation,1990,March,3,54.8
Chilas,precipitation,1990,April,4,22.9
Chilas,precipitation,1990,May,5,5.6
Chilas,precipitation,1990,June,6,15.9
Chilas,precipitation,1990,July,7,6.1
Chilas,precipitation,1990,August,8,23.3
Chilas,precipitation,1990,September,9,0.6
Chilas,precipitation,1990,October,10,3.0
Chilas,precipitation,1990,November,11,0.0
Chilas,precipitation,1990,December,12,82.8
Chilas,precipitation,1991,January,1,3.2
Chilas,precipitation,1991,February,2,27.2
Chilas,precipitation,1991,March,3,50.7
Chilas,precipitation,1991,April,4,10.8
Chilas,precipitation,1991,May,5,37.8
Chilas,precipitation,1991,June,6,0.0
Chilas,precipitation,1991,July,7,22.7
Chilas,precipitation,1991,August,8,3.5
Chilas,precipitation,1991,September,9,4.7
Chilas,precipitation,1991,October,10,0.0
Chilas,precipitation,1991,November,11,0.0
Chilas,precipitation,1991,December,12,0.0
Chilas,precipitation,1992,January,1,37.0
Chilas,precipitation,1992,February,2,9.2
Chilas,precipitation,1992,March,3,50.4
Chilas,precipitation,1992,April,4,59.4
Chilas,precipitation,1992,May,5,1.8
Chilas,precipitation,1992,June,6,0.7
Chilas,precipitation,1992,July,7,16.5
Chilas,precipitation,1992,August,8,8.0
Chilas,precipitation,1992,September,9,127.5
Chilas,precipitation,1992,October,10,0.3
Chilas,precipitation,1992,November,11,0.0
Chilas,precipitation,1992,December,12,0.0
Chilas,precipitation,1993,January,1,3.8
Chilas,precipitation,1993,February,2,20.3
Chilas,precipitation,1993,March,3,35.2
Chilas,precipitation,1993,April,4,1.6
Chilas,precipitation,1993,May,5,17.3
Chilas,precipitation,1993,June,6,9.0
Chilas,precipitation,1993,July,7,40.5
Chilas,precipitation,1993,August,8,1.8
Chilas,precipitation,1993,September,9,2.6
Chilas,precipitation,1993,October,10,8.3
Chilas,precipitation,1993,November,11,51.7
Chilas,precipitation,1993,December,12,0.0
Chilas,precipitation,1994,January,1,8.8
Chilas,precipitation,1994,February,2,31.1
Chilas,precipitation,1994,March,3,42.5
Chilas,precipitation,1994,April,4,33.4
Chilas,precipitation,1994,May,5,25.6
Chilas,precipitation,1994,June,6,15.4
Chilas,precipitation,1994,July,7,0.0
Chilas,precipitation,1994,August,8,22.4
Chilas,precipitation,1994,September,9,12.1
Chilas,precipitation,1994,October,10,4.4
Chilas,precipitation,1994,November,11,0.0
Chilas,precipitation,1994,December,12,39.6
Chilas,precipitation,1995,January,1,0.0
Chilas,precipitation,1995,February,2,12.8
Chilas,precipitation,1995,March,3,5.2
Chilas,precipitation,1995,April,4,29.4
Chilas,precipitation,1995,May,5,9.3
Chilas,precipitation,1995,June,6,5.4
Chilas,precipitation,1995,July,7,19.0
Chilas,precipitation,1995,August,8,26.6
Chilas,precipitation,1995,September,9,12.5
Chilas,precipitation,1995,October,10,2.5
Chilas,precipitation,1995,November,11,8.4
Chilas,precipitation,1995,December,12,0.8
Chilas,precipitation,1996,January,1,75.0
Chilas,precipitation,1996,February,2,20.1
Chilas,precipitation,1996,March,3,112.5
Chilas,precipitation,1996,April,4,35.6
Chilas,precipitation,1996,May,5,163.3
Chilas,precipitation,1996,June,6,67.0
Chilas,precipitation,1996,July,7,9.0
Chilas,precipitation,1996,August,8,12.8
Chilas,precipitation,1996,September,9,1.0
Chilas,precipitation,1996,October,10,8.5
Chilas,precipitation,1996,November,11,0.0
Chilas,precipitation,1996,December,12,0.0
Chilas,precipitation,1997,January,1,0.0
Chilas,precipitation,1997,February,2,0.0
Chilas,precipitation,1997,March,3,39.8
Chilas,precipitation,1997,April,4,20.1
Chilas,precipitation,1997,May,5,1.0
Chilas,precipitation,1997,June,6,2.6
Chilas,precipitation,1997,July,7,12.0
Chilas,precipitation,1997,August,8,97.8
Chilas,precipitation,1997,September,9,0.0
Chilas,precipitation,1997,October,10,3.6
Chilas,precipitation,1997,November,11,0.0
Chilas,precipitation,1997,December,12,1.0
Chilas,precipitation,1998,January,1,12.6
Chilas,precipitation,1998,February,2,24.0
Chilas,precipitation,1998,March,3,8.0
Chilas,precipitation,1998,April,4,45.9
Chilas,precipitation,1998,May,5,53.4
Chilas,precipitation,1998,June,6,7.6
Chilas,precipitation,1998,July,7,0.0
Chilas,precipitation,1998,August,8,1.0
Chilas,precipitation,1998,September,9,2.0
Chilas,precipitation,1998,October,10,1.0
Chilas,precipitation,1998,November,11,0.0
Chilas,precipitation,1998,December,12,0.0
Chilas,precipitation,1999,January,1,11.8
Chilas,precipitation,1999,February,2,14.6
Chilas,precipitation,1999,March,3,18.8
Chilas,precipitation,1999,April,4,66.6
Chilas,precipitation,1999,May,5,14.0
Chilas,precipitation,1999,June,6,2.2
Chilas,precipitation,1999,July,7,18.3
Chilas,precipitation,1999,August,8,20.0
Chilas,precipitation,1999,September,9,6.2
Chilas,precipitation,1999,October,10,1.0
Chilas,precipitation,1999,November,11,32.5
Chilas,precipitation,1999,December,12,0.0
Chilas,precipitation,2000,January,1,14.8
Chilas,precipitation,2000,February,2,0.0
Chilas,precipitation,2000,March,3,11.1
Chilas,precipitation,2000,April,4,22.0
Chilas,precipitation,2000,May,5,9.3
Chilas,precipitation,2000,June,6,10.7
Chilas,precipitation,2000,July,7,5.0
Chilas,precipitation,2000,August,8,11.0
Chilas,precipitation,2000,September,9,4.0
Chilas,precipitation,2000,October,10,0.0
Chilas,precipitation,2000,November,11,0.0
Chilas,precipitation,2000,December,12,0.2
Chilas,precipitation,2001,January,1,0.0
Chilas,precipitation,2001,February,2,0.0
Chilas,precipitation,2001,March,3,15.8
Chilas,precipitation,2001,April,4,15.0
Chilas,precipitation,2001,May,5,9.0
Chilas,precipitation,2001,June,6,2.0
Chilas,precipitation,2001,July,7,15.0
Chilas,precipitation,2001,August,8,12.6
Chilas,precipitation,2001,September,9,7.0
Chilas,precipitation,2001,October,10,0.0
Chilas,precipitation,2001,November,11,30.6
Chilas,precipitation,2001,December,12,0.0
Chilas,precipitation,2002,January,1,7.0
Chilas,precipitation,2002,February,2,19.2
Chilas,precipitation,2002,March,3,17.8
Chilas,precipitation,2002,April,4,40.6
Chilas,precipitation,2002,May,5,14.5
Chilas,precipitation,2002,June,6,27.5
Chilas,precipitation,2002,July,7,0.0
Chilas,precipitation,2002,August,8,10.0
Chilas,precipitation,2002,September,9,2.3
Chilas,precipitation,2002,October,10,0.0
Chilas,precipitation,2002,November,11,0.0
Chilas,precipitation,2002,December,12,0.2
Chilas,precipitation,2003,January,1,0.0
Chilas,precipitation,2003,February,2,78.1
Chilas,precipitation,2003,March,3,35.4
Chilas,precipitation,2003,April,4,39.0
Chilas,precipitation,2003,May,5,121.9
Chilas,precipitation,2003,June,6,5.0
Chilas,precipitation,2003,July,7,0.0
Chilas,precipitation,2003,August,8,5.3
Chilas,precipitation,2003,September,9,19.3
Chilas,precipitation,2003,October,10,11.0
Chilas,precipitation,2003,November,11,1.0
Chilas,precipitation,2003,December,12,26.8
Chilas,precipitation,2004,January,1,1.0
Chilas,precipitation,2004,February,2,18.6
Chilas,precipitation,2004,March,3,13.9
Chilas,precipitation,2004,April,4,60.3
Chilas,precipitation,2004,May,5,10.3
Chilas,precipitation,2004,June,6,5.4
Chilas,precipitation,2004,July,7,11.4
Chilas,precipitation,2004,August,8,13.4
Chilas,precipitation,2004,September,9,0.0
Chilas,precipitation,2004,October,10,5.5
Chilas,precipitation,2004,November,11,0.0
Chilas,precipitation,2004,December,12,8.6
Chilas,precipitation,2005,January,1,29.3
Chilas,precipitation,2005,February,2,35.3
Chilas,precipitation,2005,March,3,16.4
Chilas,precipitation,2005,April,4,22.7
Chilas,precipitation,2005,May,5,41.1
Chilas,precipitation,2005,June,6,4.2
Chilas,precipitation,2005,July,7,11.9
Chilas,precipitation,2005,August,8,2.9
Chilas,precipitation,2005,September,9,7.2
Chilas,precipitation,2005,October,10,0.0
Chilas,precipitation,2005,November,11,9.3
Chilas,precipitation,2005,December,12,8.5
Chilas,precipitation,2006,January,1,36.9
Chilas,precipitation,2006,February,2,12.1
Chilas,precipitation,2006,March,3,19.9
Chilas,precipitation,2006,April,4,32.9
Chilas,precipitation,2006,May,5,1.1
Chilas,precipitation,2006,June,6,16.3
Chilas,precipitation,2006,July,7,15.8
Chilas,precipitation,2006,August,8,29.4
Chilas,precipitation,2006,September,9,5.8
Chilas,precipitation,2006,October,10,1.4
Chilas,precipitation,2006,November,11,2.2
Chilas,precipitation,2006,December,12,25.8
Chilas,precipitation,2007,January,1,0.0
Chilas,precipitation,2007,February,2,1.2
Chilas,precipitation,2007,March,3,32.7
Chilas,precipitation,2007,April,4,30.4
Chilas,precipitation,2007,May,5,8.0
Chilas,precipitation,2007,June,6,42.3
Chilas,precipitation,2007,July,7,14.8
Chilas,precipitation,2007,August,8,10.8
Chilas,precipitation,2007,September,9,4.4
Chilas,precipitation,2007,October,10,0.0
Chilas,precipitation,2007,November,11,0.0
Chilas,precipitation,2007,December,12,0.0
Chilas,precipitation,2008,January,1,43.2
Chilas,precipitation,2008,February,2,9.1
Chilas,precipitation,2008,March,3,5.5
Chilas,precipitation,2008,April,4,18.7
Chilas,precipitation,2008,May,5,5.6
Chilas,precipitation,2008,June,6,8.0
Chilas,precipitation,2008,July,7,10.0
Chilas,precipitation,2008,August,8,43.5
Chilas,precipitation,2008,September,9,11.7
Chilas,precipitation,2008,October,10,0.0
Chilas,precipitation,2008,November,11,6.7
Chilas,precipitation,2008,December,12,58.5
Chilas,precipitation,2009,January,1,42.3
Chilas,precipitation,2009,February,2,8.4
Chilas,precipitation,2009,March,3,10.2
Chilas,precipitation,2009,April,4,51.1
Chilas,precipitation,2009,May,5,8.6
Chilas,precipitation,2009,June,6,15.4
Chilas,precipitation,2009,July,7,4.0
Chilas,precipitation,2009,August,8,4.5
Chilas,precipitation,2009,September,9,3.7
Chilas,precipitation,2009,October,10,2.5
Chilas,precipitation,2009,November,11,0.2
Chilas,precipitation,2009,December,12,5.2
Chilas,precipitation,2010,January,1,1.0
Chilas,precipitation,2010,February,2,36.0
Chilas,precipitation,2010,March,3,8.0
Chilas,precipitation,2010,April,4,16.0
Chilas,precipitation,2010,May,5,69.0
Chilas,precipitation,2010,June,6,17.0
Chilas,precipitation,2010,July,7,52.0
Chilas,precipitation,2010,August,8,44.0
Chilas,precipitation,2010,September,9,1.0
Chilas,precipitation,2010,October,10,1.0
Chilas,precipitation,2010,November,11,0.0
Chilas,precipitation,2010,December,12,1.0
Chilas,precipitation,2011,January,1,4.0
Chilas,precipitation,2011,February,2,35.0
Chilas,precipitation,2011,March,3,39.0
Chilas,precipitation,2011,April,4,12.0
Chilas,precipitation,2011,May,5,11.0
Chilas,precipitation,2011,June,6,3.0
Chilas,precipitation,2011,July,7,8.3
Chilas,precipitation,2011,August,8,2.3
Chilas,precipitation,2011,September,9,24.0
Chilas,precipitation,2011,October,10,4.7
Chilas,precipitation,2011,November,11,3.1
Chilas,precipitation,2011,December,12,0.0
Chilas,precipitation,2012,January,1,0.3
Chilas,precipitation,2012,February,2,8.6
Chilas,precipitation,2012,March,3,40.6
Chilas,precipitation,2012,April,4,10.8
Chilas,precipitation,2012,May,5,17.0
Chilas,precipitation,2012,June,6,6.6
Chilas,precipitation,2012,July,7,0.6
Chilas,precipitation,2012,August,8,16.6
Chilas,precipitation,2012,September,9,33.9
Chilas,precipitation,2012,October,10,0.0
Chilas,precipitation,2012,November,11,2.4
Chilas,precipitation,2012,December,12,7.0
Chilas,precipitation,2013,January,1,7.2
Chilas,precipitation,2013,February,2,28.3
Chilas,precipitation,2013,March,3,2.2
Chilas,precipitation,2013,April,4,1.5000000000000004
Chilas,precipitation,2013,May,5,46.1
Chilas,precipitation,2013,June,6,5.499999999999998
Chilas,precipitation,2013,July,7,0.5
Chilas,precipitation,2013,August,8,24.700000000000003
Chilas,precipitation,2013,September,9,15.6
Chilas,precipitation,2013,October,10,0.2
Chilas,precipitation,2013,November,11,0.1
Chilas,precipitation,2013,December,12,0.1
Chilas,precipitation,2014,January,1,2.2
Chilas,precipitation,2014,February,2,0.2
Chilas,precipitation,2014,March,3,19.4
Chilas,precipitation,2014,April,4,1.3
Chilas,precipitation,2014,May,5,12.5
Chilas,precipitation,2014,June,6,2.4
Chilas,precipitation,2014,July,7,3.5
Chilas,precipitation,2014,August,8,0.8
Chilas,precipitation,2014,September,9,13.1
Chilas,precipitation,2014,October,10,27.2
Chilas,precipitation,2014,November,11,0.0
Chilas,precipitation,2014,December,12,0.1
Chilas,precipitation,2015,January,1,0.4
Chilas,precipitation,2015,February,2,31.5
Chilas,precipitation,2015,March,3,17.1
Chilas,precipitation,2015,April,4,43.6
Chilas,precipitation,2015,May,5,14.2
Chilas,precipitation,2015,June,6,7.0
Chilas,precipitation,2015,July,7,19.9
Chilas,precipitation,2015,August,8,5.0
Chilas,precipitation,2015,September,9,48.8
Chilas,precipitation,2015,October,10,0.4
Chilas,precipitation,2015,November,11,10.0
Chilas,precipitation,2015,December,12,7.0
Chilas,precipitation,2016,January,1,3.6
Chilas,precipitation,2016,February,2,24.1
Chilas,precipitation,2016,March,3,48.3
Chilas,precipitation,2016,April,4,105.3
Chilas,precipitation,2016,May,5,24.8
Chilas,precipitation,2016,June,6,6.2
Chilas,precipitation,2016,July,7,8.9
Chilas,precipitation,2016,August,8,10.0
Chilas,precipitation,2016,September,9,9.8
Chilas,precipitation,2016,October,10,0.1
Chilas,precipitation,2016,November,11,0.0
Chilas,precipitation,2016,December,12,0.1
Chilas,precipitation,2017,January,1,23.23
Chilas,precipitation,2017,February,2,31.01
Chilas,precipitation,2017,March,3,14.4
Chilas,precipitation,2017,April,4,71.42
Chilas,precipitation,2017,May,5,6.0
Chilas,precipitation,2017,June,6,7.71
Chilas,precipitation,2017,July,7,1.06
Chilas,precipitation,2017,August,8,16.01
Chilas,precipitation,2017,September,9,5.63
Chilas,precipitation,2017,October,10,0.0
Chilas,precipitation,2017,November,11,0.0
Chilas,precipitation,2017,December,12,118.0
Chilas,precipitation,2018,January,1,0.01
Chilas,precipitation,2018,February,2,0.02
Chilas,precipitation,2018,March,3,50.02
Chilas,precipitation,2018,April,4,29.03
Chilas,precipitation,2018,May,5,12.65
Chilas,precipitation,2018,June,6,0.06
Chilas,precipitation,2018,July,7,22.82
Chilas,precipitation,2018,August,8,4.0
Chilas,precipitation,2018,September,9,0.45
Chilas,precipitation,2018,October,10,10.03
Chilas,precipitation,2018,November,11,40.22
Chilas,precipitation,2018,December,12,0.0
Chilas,precipitation,2019,January,1,14.32
Chilas,precipitation,2019,February,2,43.82
Chilas,precipitation,2019,March,3,32.61
Chilas,precipitation,2019,April,4,4.85
Chilas,precipitation,2019,May,5,10.24
Chilas,precipitation,2019,June,6,34.62
Chilas,precipitation,2019,July,7,8.62
Chilas,precipitation,2019,August,8,4.02
Chilas,precipitation,2019,September,9,0.01
Chilas,precipitation,2019,October,10,0.06
Chilas,precipitation,2019,November,11,34.65
Chilas,precipitation,2019,December,12,2.02
Gupis,max_temp,1984,January,1,4.4
Gupis,max_temp,1984,February,2,4.7
Gupis,max_temp,1984,March,3,13.7
Gupis,max_temp,1984,April,4,18.8
Gupis,max_temp,1984,May,5,21.5
Gupis,max_temp,1984,June,6,31.7
Gupis,max_temp,1984,July,7,31.1
Gupis,max_temp,1984,August,8,34.6
Gupis,max_temp,1984,September,9,24.0
Gupis,max_temp,1984,October,10,19.2
Gupis,max_temp,1984,November,11,11.4
Gupis,max_temp,1984,December,12,5.2
Gupis,max_temp,1985,January,1,3.8
Gupis,max_temp,1985,February,2,8.3
Gupis,max_temp,1985,March,3,15.2
Gupis,max_temp,1985,April,4,20.0
Gupis,max_temp,1985,May,5,22.0
Gupis,max_temp,1985,June,6,28.3
Gupis,max_temp,1985,July,7,34.3
Gupis,max_temp,1985,August,8,29.5
Gupis,max_temp,1985,September,9,26.6
Gupis,max_temp,1985,October,10,18.6
Gupis,max_temp,1985,November,11,12.3
Gupis,max_temp,1985,December,12,4.6
Gupis,max_temp,1986,January,1,2.8
Gupis,max_temp,1986,February,2,5.7
Gupis,max_temp,1986,March,3,9.8
Gupis,max_temp,1986,April,4,17.5
Gupis,max_temp,1986,May,5,22.7
Gupis,max_temp,1986,June,6,26.9
Gupis,max_temp,1986,July,7,32.5
Gupis,max_temp,1986,August,8,27.3
Gupis,max_temp,1986,September,9,25.3
Gupis,max_temp,1986,October,10,21.8
Gupis,max_temp,1986,November,11,13.0
Gupis,max_temp,1986,December,12,3.9
Gupis,max_temp,1987,January,1,2.7
Gupis,max_temp,1987,February,2,7.7
Gupis,max_temp,1987,March,3,12.2
Gupis,max_temp,1987,April,4,18.1
Gupis,max_temp,1987,May,5,21.9
Gupis,max_temp,1987,June,6,26.1
Gupis,max_temp,1987,July,7,28.9
Gupis,max_temp,1987,August,8,31.5
Gupis,max_temp,1987,September,9,28.5
Gupis,max_temp,1987,October,10,16.6
Gupis,max_temp,1987,November,11,14.7
Gupis,max_temp,1987,December,12,6.7
Gupis,max_temp,1988,January,1,4.6
Gupis,max_temp,1988,February,2,6.5
Gupis,max_temp,1988,March,3,11.2
Gupis,max_temp,1988,April,4,19.7
Gupis,max_temp,1988,May,5,24.7
Gupis,max_temp,1988,June,6,27.2
Gupis,max_temp,1988,July,7,32.6
Gupis,max_temp,1988,August,8,28.4
Gupis,max_temp,1988,September,9,27.0
Gupis,max_temp,1988,October,10,18.6
Gupis,max_temp,1988,November,11,16.7
Gupis,max_temp,1988,December,12,3.2
Gupis,max_temp,1989,January,1,2.8
Gupis,max_temp,1989,February,2,5.5
Gupis,max_temp,1989,March,3,10.9
Gupis,max_temp,1989,April,4,17.0
Gupis,max_temp,1989,May,5,19.4
Gupis,max_temp,1989,June,6,27.4
Gupis,max_temp,1989,July,7,29.4
Gupis,max_temp,1989,August,8,26.4
Gupis,max_temp,1989,September,9,26.2
Gupis,max_temp,1989,October,10,21.6
Gupis,max_temp,1989,November,11,11.9
Gupis,max_temp,1989,December,12,5.4
Gupis,max_temp,1990,January,1,5.2
Gupis,max_temp,1990,February,2,5.7
Gupis,max_temp,1990,March,3,11.4
Gupis,max_temp,1990,April,4,19.3
Gupis,max_temp,1990,May,5,28.4
Gupis,max_temp,1990,June,6,28.8
Gupis,max_temp,1990,July,7,35.0
Gupis,max_temp,1990,August,8,33.5
Gupis,max_temp,1990,September,9,29.2
Gupis,max_temp,1990,October,10,21.2
Gupis,max_temp,1990,November,11,17.0
Gupis,max_temp,1990,December,12,7.8
Gupis,max_temp,1991,January,1,2.9
Gupis,max_temp,1991,February,2,4.7
Gupis,max_temp,1991,March,3,10.5
Gupis,max_temp,1991,April,4,17.5
Gupis,max_temp,1991,May,5,18.9
Gupis,max_temp,1991,June,6,28.4
Gupis,max_temp,1991,July,7,30.2
Gupis,max_temp,1991,August,8,32.8
Gupis,max_temp,1991,September,9,27.6
Gupis,max_temp,1991,October,10,19.1
Gupis,max_temp,1991,November,11,14.5
Gupis,max_temp,1991,December,12,7.4
Gupis,max_temp,1992,January,1,3.1
Gupis,max_temp,1992,February,2,2.9
Gupis,max_temp,1992,March,3,9.0
Gupis,max_temp,1992,April,4,15.9
Gupis,max_temp,1992,May,5,22.2
Gupis,max_temp,1992,June,6,28.5
Gupis,max_temp,1992,July,7,31.5
Gupis,max_temp,1992,August,8,31.3
Gupis,max_temp,1992,September,9,24.3
Gupis,max_temp,1992,October,10,18.9
Gupis,max_temp,1992,November,11,14.6
Gupis,max_temp,1992,December,12,7.5
Gupis,max_temp,1993,January,1,2.9
Gupis,max_temp,1993,February,2,7.8
Gupis,max_temp,1993,March,3,10.1
Gupis,max_temp,1993,April,4,200.0
Gupis,max_temp,1993,May,5,23.8
Gupis,max_temp,1993,June,6,27.4
Gupis,max_temp,1993,July,7,29.2
Gupis,max_temp,1993,August,8,28.9
Gupis,max_temp,1993,September,9,27.4
Gupis,max_temp,1993,October,10,18.6
Gupis,max_temp,1993,November,11,13.3
Gupis,max_temp,1993,December,12,8.1
Gupis,max_temp,1994,January,1,4.1
Gupis,max_temp,1994,February,2,5.0
Gupis,max_temp,1994,March,3,12.2
Gupis,max_temp,1994,April,4,15.8
Gupis,max_temp,1994,May,5,23.8
Gupis,max_temp,1994,June,6,29.0
Gupis,max_temp,1994,July,7,34.7
Gupis,max_temp,1994,August,8,33.4
Gupis,max_temp,1994,September,9,24.2
Gupis,max_temp,1994,October,10,18.3
Gupis,max_temp,1994,November,11,14.0
Gupis,max_temp,1994,December,12,5.7
Gupis,max_temp,1995,January,1,3.7
Gupis,max_temp,1995,February,2,6.1
Gupis,max_temp,1995,March,3,11.6
Gupis,max_temp,1995,April,4,16.8
Gupis,max_temp,1995,May,5,22.9
Gupis,max_temp,1995,June,6,26.6
Gupis,max_temp,1995,July,7,32.9
Gupis,max_temp,1995,August,8,32.7
Gupis,max_temp,1995,September,9,25.8
Gupis,max_temp,1995,October,10,18.6
Gupis,max_temp,1995,November,11,15.3
Gupis,max_temp,1995,December,12,4.9
Gupis,max_temp,1996,January,1,4.4
Gupis,max_temp,1996,February,2,7.6
Gupis,max_temp,1996,March,3,12.3
Gupis,max_temp,1996,April,4,18.6
Gupis,max_temp,1996,May,5,18.6
Gupis,max_temp,1996,June,6,27.1
Gupis,max_temp,1996,July,7,28.6
Gupis,max_temp,1996,August,8,29.6
Gupis,max_temp,1996,September,9,30.5
Gupis,max_temp,1996,October,10,18.7
Gupis,max_temp,1996,November,11,13.5
Gupis,max_temp,1996,December,12,6.8
Gupis,max_temp,1997,January,1,6.8
Gupis,max_temp,1997,February,2,8.1
Gupis,max_temp,1997,March,3,11.3
Gupis,max_temp,1997,April,4,19.8
Gupis,max_temp,1997,May,5,22.7
Gupis,max_temp,1997,June,6,29.4
Gupis,max_temp,1997,July,7,34.2
Gupis,max_temp,1997,August,8,30.1
Gupis,max_temp,1997,September,9,27.3
Gupis,max_temp,1997,October,10,19.1
Gupis,max_temp,1997,November,11,12.3
Gupis,max_temp,1997,December,12,7.1
Gupis,max_temp,1999,January,1,4.9
Gupis,max_temp,1999,February,2,6.5
Gupis,max_temp,1999,March,3,11.7
Gupis,max_temp,1999,April,4,19.8
Gupis,max_temp,1999,May,5,22.8
Gupis,max_temp,1999,June,6,24.4
Gupis,max_temp,1999,July,7,32.7
Gupis,max_temp,1999,August,8,31.2
Gupis,max_temp,1999,September,9,26.8
Gupis,max_temp,1999,October,10,22.1
Gupis,max_temp,1999,November,11,17.9
Gupis,max_temp,1999,December,12,10.8
Gupis,max_temp,2000,January,1,5.7
Gupis,max_temp,2000,February,2,6.6
Gupis,max_temp,2000,March,3,11.5
Gupis,max_temp,2000,April,4,16.4
Gupis,max_temp,2000,May,5,24.7
Gupis,max_temp,2000,June,6,28.2
Gupis,max_temp,2000,July,7,31.3
Gupis,max_temp,2000,August,8,28.8
Gupis,max_temp,2000,September,9,27.4
Gupis,max_temp,2000,October,10,21.3
Gupis,max_temp,2000,November,11,13.1
Gupis,max_temp,2000,December,12,8.9
Gupis,max_temp,2001,January,1,5.3
Gupis,max_temp,2001,February,2,5.8
Gupis,max_temp,2001,March,3,12.2
Gupis,max_temp,2001,April,4,20.7
Gupis,max_temp,2001,May,5,29.3
Gupis,max_temp,2001,June,6,30.8
Gupis,max_temp,2001,July,7,30.6
Gupis,max_temp,2001,August,8,31.1
Gupis,max_temp,2001,September,9,28.6
Gupis,max_temp,2001,October,10,22.4
Gupis,max_temp,2001,November,11,14.2
Gupis,max_temp,2001,December,12,6.7
Gupis,max_temp,2002,January,1,7.7
Gupis,max_temp,2002,February,2,10.0
Gupis,max_temp,2002,March,3,15.3
Gupis,max_temp,2002,April,4,21.8
Gupis,max_temp,2002,May,5,29.9
Gupis,max_temp,2002,June,6,31.4
Gupis,max_temp,2002,July,7,31.6
Gupis,max_temp,2002,August,8,30.8
Gupis,max_temp,2002,September,9,25.6
Gupis,max_temp,2002,October,10,21.5
Gupis,max_temp,2002,November,11,13.6
Gupis,max_temp,2002,December,12,7.3
Gupis,max_temp,2003,January,1,5.4
Gupis,max_temp,2003,February,2,7.9
Gupis,max_temp,2003,March,3,14.7
Gupis,max_temp,2003,April,4,18.7
Gupis,max_temp,2003,May,5,24.7
Gupis,max_temp,2003,June,6,29.1
Gupis,max_temp,2003,July,7,30.2
Gupis,max_temp,2003,August,8,31.3
Gupis,max_temp,2003,September,9,25.1
Gupis,max_temp,2003,October,10,23.2
Gupis,max_temp,2003,November,11,16.1
Gupis,max_temp,2003,December,12,8.4
Gupis,max_temp,2004,January,1,8.2
Gupis,max_temp,2004,February,2,8.5
Gupis,max_temp,2004,March,3,11.1
Gupis,max_temp,2004,April,4,18.6
Gupis,max_temp,2004,May,5,21.1
Gupis,max_temp,2004,June,6,30.3
Gupis,max_temp,2004,July,7,34.7
Gupis,max_temp,2004,August,8,30.5
Gupis,max_temp,2004,September,9,26.0
Gupis,max_temp,2004,October,10,20.9
Gupis,max_temp,2004,November,11,14.3
Gupis,max_temp,2004,December,12,7.7
Gupis,max_temp,2005,January,1,4.8
Gupis,max_temp,2005,February,2,8.5
Gupis,max_temp,2005,March,3,16.6
Gupis,max_temp,2005,April,4,19.8
Gupis,max_temp,2005,May,5,24.2
Gupis,max_temp,2005,June,6,28.8
Gupis,max_temp,2005,July,7,30.5
Gupis,max_temp,2005,August,8,29.9
Gupis,max_temp,2005,September,9,27.3
Gupis,max_temp,2005,October,10,18.0
Gupis,max_temp,2005,November,11,15.0
Gupis,max_temp,2005,December,12,7.4
Gupis,max_temp,2006,January,1,2.5
Gupis,max_temp,2006,February,2,4.9
Gupis,max_temp,2006,March,3,13.6
Gupis,max_temp,2006,April,4,16.3
Gupis,max_temp,2006,May,5,21.6
Gupis,max_temp,2006,June,6,29.6
Gupis,max_temp,2006,July,7,31.0
Gupis,max_temp,2006,August,8,30.1
Gupis,max_temp,2006,September,9,28.2
Gupis,max_temp,2006,October,10,21.1
Gupis,max_temp,2006,November,11,13.3
Gupis,max_temp,2006,December,12,6.6
Gupis,max_temp,2007,January,1,3.7
Gupis,max_temp,2007,February,2,10.8
Gupis,max_temp,2007,March,3,13.8
Gupis,max_temp,2007,April,4,19.9
Gupis,max_temp,2007,May,5,29.0
Gupis,max_temp,2007,June,6,27.3
Gupis,max_temp,2007,July,7,32.7
Gupis,max_temp,2007,August,8,29.6
Gupis,max_temp,2007,September,9,25.4
Gupis,max_temp,2007,October,10,21.8
Gupis,max_temp,2007,November,11,14.0
Gupis,max_temp,2007,December,12,5.5
Gupis,max_temp,2008,January,1,5.4
Gupis,max_temp,2008,February,2,9.2
Gupis,max_temp,2008,March,3,11.6
Gupis,max_temp,2008,April,4,22.4
Gupis,max_temp,2008,May,5,25.3
Gupis,max_temp,2008,June,6,30.0
Gupis,max_temp,2008,July,7,30.2
Gupis,max_temp,2008,August,8,29.4
Gupis,max_temp,2008,September,9,26.7
Gupis,max_temp,2008,October,10,20.3
Gupis,max_temp,2008,November,11,15.5
Gupis,max_temp,2008,December,12,6.5
Gupis,max_temp,2009,January,1,2.3
Gupis,max_temp,2009,February,2,6.0
Gupis,max_temp,2009,March,3,17.5
Gupis,max_temp,2009,April,4,20.2
Gupis,max_temp,2009,May,5,27.8
Gupis,max_temp,2009,June,6,33.4
Gupis,max_temp,2009,July,7,31.5
Gupis,max_temp,2009,August,8,30.0
Gupis,max_temp,2009,September,9,27.1
Gupis,max_temp,2009,October,10,22.4
Gupis,max_temp,2009,November,11,15.2
Gupis,max_temp,2009,December,12,7.0
Gupis,max_temp,2010,January,1,8.2
Gupis,max_temp,2010,February,2,7.0
Gupis,max_temp,2010,March,3,17.6
Gupis,max_temp,2010,April,4,20.7
Gupis,max_temp,2010,May,5,23.5
Gupis,max_temp,2010,June,6,27.0
Gupis,max_temp,2010,July,7,29.4
Gupis,max_temp,2010,August,8,28.3
Gupis,max_temp,2010,September,9,24.7
Gupis,max_temp,2010,October,10,24.0
Gupis,max_temp,2010,November,11,17.5
Gupis,max_temp,2010,December,12,8.6
Gupis,max_temp,2011,January,1,6.9355
Gupis,max_temp,2011,February,2,6.7857
Gupis,max_temp,2011,March,3,14.355
Gupis,max_temp,2011,April,4,19.917
Gupis,max_temp,2011,May,5,27.355
Gupis,max_temp,2011,June,6,30.817
Gupis,max_temp,2011,July,7,29.629
Gupis,max_temp,2011,August,8,30.806
Gupis,max_temp,2011,September,9,25.2
Gupis,max_temp,2011,October,10,20.387
Gupis,max_temp,2011,November,11,14.617
Gupis,max_temp,2011,December,12,8.1935
Gupis,max_temp,2012,January,1,4.354838709677419
Gupis,max_temp,2012,February,2,7.446428571428571
Gupis,max_temp,2012,March,3,19.7
Gupis,max_temp,2012,April,4,20.7
Gupis,max_temp,2012,May,5,20.838709677419356
Gupis,max_temp,2012,June,6,26.75
Gupis,max_temp,2012,July,7,31.6
Gupis,max_temp,2012,August,8,29.4
Gupis,max_temp,2012,September,9,23.65
Gupis,max_temp,2012,October,10,18.266666666666666
Gupis,max_temp,2012,November,11,14.362068965517242
Gupis,max_temp,2012,December,12,6.661290322580645
Gupis,max_temp,2013,January,1,4.435483870967742
Gupis,max_temp,2013,February,2,7.446428571428571
Gupis,max_temp,2013,March,3,15.790322580645162
Gupis,max_temp,2013,April,4,19.65
Gupis,max_temp,2013,May,5,23.096774193548388
Gupis,max_temp,2013,June,6,30.566666666666666
Gupis,max_temp,2013,July,7,33.0
Gupis,max_temp,2013,August,8,28.29032258064516
Gupis,max_temp,2013,September,9,28.051724137931036
Gupis,max_temp,2013,October,10,23.322580645161292
Gupis,max_temp,2013,November,11,13.379310344827585
Gupis,max_temp,2013,December,12,7.383333333333334
Gupis,max_temp,2014,January,1,5.8387
Gupis,max_temp,2014,February,2,8.7321
Gupis,max_temp,2014,March,3,12.317
Gupis,max_temp,2014,April,4,18.763
Gupis,max_temp,2014,May,5,23.339
Gupis,max_temp,2014,June,6,28.433
Gupis,max_temp,2014,July,7,31.403
Gupis,max_temp,2014,August,8,29.016
Gupis,max_temp,2014,September,9,26.548
Gupis,max_temp,2014,October,10,19.677
Gupis,max_temp,2014,November,11,13.5
Gupis,max_temp,2014,December,12,8.7097
Gupis,max_temp,2015,January,1,7.4194
Gupis,max_temp,2015,February,2,9.2321
Gupis,max_temp,2015,March,3,14.0
Gupis,max_temp,2015,April,4,21.083
Gupis,max_temp,2015,May,5,23.726
Gupis,max_temp,2015,June,6,27.776
Gupis,max_temp,2015,July,7,29.25
Gupis,max_temp,2015,August,8,29.25
Gupis,max_temp,2015,September,9,28.0
Gupis,max_temp,2015,October,10,7.1667
Gupis,max_temp,2015,November,11,11.907
Gupis,max_temp,2015,December,12,8.4643
Gupis,max_temp,2016,January,1,7.9318
Gupis,max_temp,2016,February,2,11.879
Gupis,max_temp,2016,March,3,15.033
Gupis,max_temp,2016,April,4,18.15
Gupis,max_temp,2016,May,5,25.726
Gupis,max_temp,2016,June,6,29.997
Gupis,max_temp,2016,July,7,31.177
Gupis,max_temp,2016,August,8,26.387
Gupis,max_temp,2016,September,9,27.367
Gupis,max_temp,2016,October,10,21.306
Gupis,max_temp,2016,November,11,14.917
Gupis,max_temp,2016,December,12,10.468
Gupis,max_temp,2017,January,1,5.5935
Gupis,max_temp,2017,February,2,7.0
Gupis,max_temp,2017,March,3,12.452
Gupis,max_temp,2017,April,4,19.417
Gupis,max_temp,2017,May,5,26.758
Gupis,max_temp,2017,June,6,29.883
Gupis,max_temp,2017,July,7,31.016
Gupis,max_temp,2017,August,8,29.532
Gupis,max_temp,2017,September,9,25.967
Gupis,max_temp,2017,October,10,21.597
Gupis,max_temp,2017,November,11,16.15
Gupis,max_temp,2017,December,12,8.5645
Gupis,max_temp,2018,January,1,7.9
Gupis,max_temp,2018,February,2,10.6
Gupis,max_temp,2018,March,3,16.9
Gupis,max_temp,2018,April,4,21.3
Gupis,max_temp,2018,May,5,22.9
Gupis,max_temp,2018,June,6,29.3
Gupis,max_temp,2018,July,7,31.4
Gupis,max_temp,2018,August,8,32.4
Gupis,max_temp,2018,September,9,26.6
Gupis,max_temp,2018,October,10,19.1
Gupis,max_temp,2018,November,11,12.2
Gupis,max_temp,2018,December,12,7.4
Gupis,max_temp,2019,January,1,2.9
Gupis,max_temp,2019,February,2,6.0
Gupis,max_temp,2019,March,3,12.3
Gupis,max_temp,2019,April,4,20.1
Gupis,max_temp,2019,May,5,24.4
Gupis,max_temp,2019,June,6,25.7
Gupis,max_temp,2019,July,7,33.5
Gupis,max_temp,2019,August,8,30.5
Gupis,max_temp,2019,September,9,29.8
Gupis,max_temp,2019,October,10,20.1
Gupis,max_temp,2019,November,11,11.3
Gupis,max_temp,2019,December,12,6.5
Gupis,min_temp,1984,January,1,-5.2
Gupis,min_temp,1984,February,2,-3.0
Gupis,min_temp,1984,March,3,3.9
Gupis,min_temp,1984,April,4,7.7
Gupis,min_temp,1984,May,5,10.8
Gupis,min_temp,1984,June,6,17.7
Gupis,min_temp,1984,July,7,19.2
Gupis,min_temp,1984,August,8,20.9
Gupis,min_temp,1984,September,9,12.5
Gupis,min_temp,1984,October,10,7.0
Gupis,min_temp,1984,November,11,1.7
Gupis,min_temp,1984,December,12,-2.7
Gupis,min_temp,1985,January,1,-4.1
Gupis,min_temp,1985,February,2,-2.5
Gupis,min_temp,1985,March,3,5.3
Gupis,min_temp,1985,April,4,9.7
Gupis,min_temp,1985,May,5,12.8
Gupis,min_temp,1985,June,6,16.8
Gupis,min_temp,1985,July,7,21.5
Gupis,min_temp,1985,August,8,18.9
Gupis,min_temp,1985,September,9,14.7
Gupis,min_temp,1985,October,10,6.7
Gupis,min_temp,1985,November,11,1.1
Gupis,min_temp,1985,December,12,-2.2
Gupis,min_temp,1986,January,1,-6.7
Gupis,min_temp,1986,February,2,-3.6
Gupis,min_temp,1986,March,3,1.2
Gupis,min_temp,1986,April,4,7.0
Gupis,min_temp,1986,May,5,11.6
Gupis,min_temp,1986,June,6,15.7
Gupis,min_temp,1986,July,7,17.9
Gupis,min_temp,1986,August,8,16.8
Gupis,min_temp,1986,September,9,12.9
Gupis,min_temp,1986,October,10,6.9
Gupis,min_temp,1986,November,11,2.2
Gupis,min_temp,1986,December,12,-3.6
Gupis,min_temp,1987,January,1,-7.8
Gupis,min_temp,1987,February,2,-1.2
Gupis,min_temp,1987,March,3,2.8
Gupis,min_temp,1987,April,4,7.1
Gupis,min_temp,1987,May,5,9.9
Gupis,min_temp,1987,June,6,13.2
Gupis,min_temp,1987,July,7,15.9
Gupis,min_temp,1987,August,8,17.3
Gupis,min_temp,1987,September,9,14.6
Gupis,min_temp,1987,October,10,5.8
Gupis,min_temp,1987,November,11,0.5
Gupis,min_temp,1987,December,12,-2.9
Gupis,min_temp,1988,January,1,-3.1
Gupis,min_temp,1988,February,2,-2.0
Gupis,min_temp,1988,March,3,1.4
Gupis,min_temp,1988,April,4,8.1
Gupis,min_temp,1988,May,5,11.0
Gupis,min_temp,1988,June,6,14.1
Gupis,min_temp,1988,July,7,19.8
Gupis,min_temp,1988,August,8,16.1
Gupis,min_temp,1988,September,9,13.4
Gupis,min_temp,1988,October,10,5.6
Gupis,min_temp,1988,November,11,1.6
Gupis,min_temp,1988,December,12,-2.2
Gupis,min_temp,1989,January,1,-7.3
Gupis,min_temp,1989,February,2,-5.1
Gupis,min_temp,1989,March,3,1.1
Gupis,min_temp,1989,April,4,5.5
Gupis,min_temp,1989,May,5,8.5
Gupis,min_temp,1989,June,6,14.0
Gupis,min_temp,1989,July,7,14.6
Gupis,min_temp,1989,August,8,14.0
Gupis,min_temp,1989,September,9,11.6
Gupis,min_temp,1989,October,10,5.9
Gupis,min_temp,1989,November,11,-0.1
Gupis,min_temp,1989,December,12,-3.0
Gupis,min_temp,1990,January,1,-3.3
Gupis,min_temp,1990,February,2,-3.0
Gupis,min_temp,1990,March,3,-0.2
Gupis,min_temp,1990,April,4,5.2
Gupis,min_temp,1990,May,5,12.0
Gupis,min_temp,1990,June,6,12.9
Gupis,min_temp,1990,July,7,17.5
Gupis,min_temp,1990,August,8,17.4
Gupis,min_temp,1990,September,9,13.3
Gupis,min_temp,1990,October,10,4.5
Gupis,min_temp,1990,November,11,0.7
Gupis,min_temp,1990,December,12,-2.7
Gupis,min_temp,1991,January,1,-7.0
Gupis,min_temp,1991,February,2,-5.0
Gupis,min_temp,1991,March,3,-0.4
Gupis,min_temp,1991,April,4,5.2
Gupis,min_temp,1991,May,5,8.0
Gupis,min_temp,1991,June,6,13.3
Gupis,min_temp,1991,July,7,16.2
Gupis,min_temp,1991,August,8,16.2
Gupis,min_temp,1991,September,9,12.8
Gupis,min_temp,1991,October,10,4.8
Gupis,min_temp,1991,November,11,-0.1
Gupis,min_temp,1991,December,12,-2.3
Gupis,min_temp,1992,January,1,-5.5
Gupis,min_temp,1992,February,2,-8.0
Gupis,min_temp,1992,March,3,-1.4
Gupis,min_temp,1992,April,4,4.6
Gupis,min_temp,1992,May,5,9.5
Gupis,min_temp,1992,June,6,13.3
Gupis,min_temp,1992,July,7,16.8
Gupis,min_temp,1992,August,8,15.0
Gupis,min_temp,1992,September,9,10.3
Gupis,min_temp,1992,October,10,4.4
Gupis,min_temp,1992,November,11,-0.2
Gupis,min_temp,1992,December,12,-3.0
Gupis,min_temp,1993,January,1,-7.5
Gupis,min_temp,1993,February,2,-2.5
Gupis,min_temp,1993,March,3,-1.1
Gupis,min_temp,1993,April,4,6.6
Gupis,min_temp,1993,May,5,9.6
Gupis,min_temp,1993,June,6,12.4
Gupis,min_temp,1993,July,7,14.4
Gupis,min_temp,1993,August,8,13.4
Gupis,min_temp,1993,September,9,11.4
Gupis,min_temp,1993,October,10,4.3
Gupis,min_temp,1993,November,11,-0.6
Gupis,min_temp,1993,December,12,-3.6
Gupis,min_temp,1994,January,1,-6.4
Gupis,min_temp,1994,February,2,-5.8
Gupis,min_temp,1994,March,3,0.6
Gupis,min_temp,1994,April,4,3.3
Gupis,min_temp,1994,May,5,9.9
Gupis,min_temp,1994,June,6,13.6
Gupis,min_temp,1994,July,7,17.6
Gupis,min_temp,1994,August,8,17.6
Gupis,min_temp,1994,September,9,10.2
Gupis,min_temp,1994,October,10,4.2
Gupis,min_temp,1994,November,11,0.0
Gupis,min_temp,1994,December,12,-5.3
Gupis,min_temp,1995,January,1,-9.3
Gupis,min_temp,1995,February,2,-5.3
Gupis,min_temp,1995,March,3,-0.1
Gupis,min_temp,1995,April,4,4.4
Gupis,min_temp,1995,May,5,8.7
Gupis,min_temp,1995,June,6,11.7
Gupis,min_temp,1995,July,7,17.2
Gupis,min_temp,1995,August,8,16.0
Gupis,min_temp,1995,September,9,10.0
Gupis,min_temp,1995,October,10,4.4
Gupis,min_temp,1995,November,11,-1.2
Gupis,min_temp,1995,December,12,-6.2
Gupis,min_temp,1996,January,1,-8.2
Gupis,min_temp,1996,February,2,-4.1
Gupis,min_temp,1996,March,3,0.8
Gupis,min_temp,1996,April,4,4.7
Gupis,min_temp,1996,May,5,6.5
Gupis,min_temp,1996,June,6,11.9
Gupis,min_temp,1996,July,7,13.3
Gupis,min_temp,1996,August,8,16.4
Gupis,min_temp,1996,September,9,14.6
Gupis,min_temp,1996,October,10,5.7
Gupis,min_temp,1996,November,11,0.9
Gupis,min_temp,1996,December,12,-4.1
Gupis,min_temp,1997,January,1,-4.0
Gupis,min_temp,1997,February,2,-2.5
Gupis,min_temp,1997,March,3,2.0
Gupis,min_temp,1997,April,4,9.0
Gupis,min_temp,1997,May,5,10.3
Gupis,min_temp,1997,June,6,15.7
Gupis,min_temp,1997,July,7,17.8
Gupis,min_temp,1997,August,8,14.7
Gupis,min_temp,1997,September,9,12.0
Gupis,min_temp,1997,October,10,6.6
Gupis,min_temp,1997,November,11,0.5
Gupis,min_temp,1997,December,12,-3.1
Gupis,min_temp,1998,January,1,-5.8
Gupis,min_temp,1998,February,2,-3.4
Gupis,min_temp,1998,March,3,0.5
Gupis,min_temp,1998,April,4,7.3
Gupis,min_temp,1998,May,5,9.9
Gupis,min_temp,1998,June,6,11.2
Gupis,min_temp,1998,July,7,16.9
Gupis,min_temp,1998,August,8,15.4
Gupis,min_temp,1998,September,9,11.7
Gupis,min_temp,1998,October,10,6.3
Gupis,min_temp,1998,November,11,-0.1
Gupis,min_temp,1998,December,12,-3.6
Gupis,min_temp,1999,January,1,-4.8
Gupis,min_temp,1999,February,2,-2.9
Gupis,min_temp,1999,March,3,0.1
Gupis,min_temp,1999,April,4,4.1
Gupis,min_temp,1999,May,5,9.9
Gupis,min_temp,1999,June,6,13.0
Gupis,min_temp,1999,July,7,15.3
Gupis,min_temp,1999,August,8,14.3
Gupis,min_temp,1999,September,9,10.5
Gupis,min_temp,1999,October,10,6.7
Gupis,min_temp,1999,November,11,2.5
Gupis,min_temp,1999,December,12,-3.6
Gupis,min_temp,2000,January,1,-5.0
Gupis,min_temp,2000,February,2,-4.6
Gupis,min_temp,2000,March,3,1.3
Gupis,min_temp,2000,April,4,6.6
Gupis,min_temp,2000,May,5,13.4
Gupis,min_temp,2000,June,6,14.6
Gupis,min_temp,2000,July,7,17.1
Gupis,min_temp,2000,August,8,16.9
Gupis,min_temp,2000,September,9,12.9
Gupis,min_temp,2000,October,10,7.3
Gupis,min_temp,2000,November,11,1.7
Gupis,min_temp,2000,December,12,-3.0
Gupis,min_temp,2001,January,1,-4.7
Gupis,min_temp,2001,February,2,-1.0
Gupis,min_temp,2001,March,3,3.3
Gupis,min_temp,2001,April,4,9.3
Gupis,min_temp,2001,May,5,14.8
Gupis,min_temp,2001,June,6,17.7
Gupis,min_temp,2001,July,7,18.6
Gupis,min_temp,2001,August,8,16.5
Gupis,min_temp,2001,September,9,12.3
Gupis,min_temp,2001,October,10,7.6
Gupis,min_temp,2001,November,11,1.3
Gupis,min_temp,2001,December,12,-2.7
Gupis,min_temp,2002,January,1,-5.7
Gupis,min_temp,2002,February,2,-1.7
Gupis,min_temp,2002,March,3,3.7
Gupis,min_temp,2002,May,5,10.1
Gupis,min_temp,2002,June,6,15.4
Gupis,min_temp,2002,July,7,16.4
Gupis,min_temp,2002,August,8,17.8
Gupis,min_temp,2002,September,9,11.5
Gupis,min_temp,2002,October,10,7.6
Gupis,min_temp,2002,November,11,2.5
Gupis,min_temp,2002,December,12,-1.3
Gupis,min_temp,2003,January,1,-3.7
Gupis,min_temp,2003,February,2,-2.0
Gupis,min_temp,2003,March,3,0.5
Gupis,min_temp,2003,April,4,5.4
Gupis,min_temp,2003,May,5,8.2
Gupis,min_temp,2003,June,6,15.3
Gupis,min_temp,2003,July,7,17.6
Gupis,min_temp,2003,August,8,15.5
Gupis,min_temp,2003,September,9,10.0
Gupis,min_temp,2003,October,10,5.5
Gupis,min_temp,2003,November,11,0.8
Gupis,min_temp,2003,December,12,-3.5
Gupis,min_temp,2004,January,1,-5.1
Gupis,min_temp,2004,February,2,-3.7
Gupis,min_temp,2004,March,3,5.0
Gupis,min_temp,2004,April,4,8.8
Gupis,min_temp,2004,May,5,11.1
Gupis,min_temp,2004,June,6,15.1
Gupis,min_temp,2004,July,7,16.4
Gupis,min_temp,2004,August,8,16.1
Gupis,min_temp,2004,September,9,12.5
Gupis,min_temp,2004,October,10,5.5
Gupis,min_temp,2004,November,11,1.9
Gupis,min_temp,2004,December,12,-1.0
Gupis,min_temp,2005,January,1,-5.7
Gupis,min_temp,2005,February,2,-2.6
Gupis,min_temp,2005,March,3,4.0
Gupis,min_temp,2005,April,4,5.7
Gupis,min_temp,2005,May,5,9.7
Gupis,min_temp,2005,June,6,14.5
Gupis,min_temp,2005,July,7,17.3
Gupis,min_temp,2005,August,8,15.8
Gupis,min_temp,2005,September,9,12.9
Gupis,min_temp,2005,October,10,5.6
Gupis,min_temp,2005,November,11,0.9
Gupis,min_temp,2005,December,12,-5.0
Gupis,min_temp,2006,January,1,-5.4
Gupis,min_temp,2006,February,2,0.9
Gupis,min_temp,2006,March,3,3.7
Gupis,min_temp,2006,April,4,7.8
Gupis,min_temp,2006,May,5,14.3
Gupis,min_temp,2006,June,6,14.5
Gupis,min_temp,2006,July,7,18.4
Gupis,min_temp,2006,August,8,11.9
Gupis,min_temp,2006,September,9,12.2
Gupis,min_temp,2006,October,10,8.0
Gupis,min_temp,2006,November,11,2.2
Gupis,min_temp,2006,December,12,-4.9
Gupis,min_temp,2007,January,1,-8.0
Gupis,min_temp,2007,February,2,-1.1
Gupis,min_temp,2007,March,3,1.5
Gupis,min_temp,2007,April,4,8.3
Gupis,min_temp,2007,May,5,11.3
Gupis,min_temp,2007,June,6,15.1
Gupis,min_temp,2007,July,7,15.0
Gupis,min_temp,2007,August,8,15.7
Gupis,min_temp,2007,September,9,11.6
Gupis,min_temp,2007,October,10,4.3
Gupis,min_temp,2007,November,11,-0.9
Gupis,min_temp,2007,December,12,-5.4
Gupis,min_temp,2008,January,1,-8.2
Gupis,min_temp,2008,February,2,-6.4
Gupis,min_temp,2008,March,3,3.4
Gupis,min_temp,2008,April,4,6.2
Gupis,min_temp,2008,May,5,11.8
Gupis,min_temp,2008,June,6,16.8
Gupis,min_temp,2008,July,7,16.9
Gupis,min_temp,2008,August,8,15.0
Gupis,min_temp,2008,September,9,9.7
Gupis,min_temp,2008,October,10,5.4
Gupis,min_temp,2008,November,11,0.3
Gupis,min_temp,2008,December,12,-4.8
Gupis,min_temp,2009,January,1,-7.3
Gupis,min_temp,2009,February,2,-6.2
Gupis,min_temp,2009,March,3,-0.5
Gupis,min_temp,2009,April,4,5.5
Gupis,min_temp,2009,May,5,10.8
Gupis,min_temp,2009,June,6,12.1
Gupis,min_temp,2009,July,7,16.3
Gupis,min_temp,2009,August,8,18.1
Gupis,min_temp,2009,September,9,11.4
Gupis,min_temp,2009,October,10,5.9
Gupis,min_temp,2009,November,11,-0.5
Gupis,min_temp,2009,December,12,-6.0
Gupis,min_temp,2010,January,1,-5.7
Gupis,min_temp,2010,February,2,-3.3
Gupis,min_temp,2010,March,3,4.1
Gupis,min_temp,2010,April,4,8.4
Gupis,min_temp,2010,May,5,10.6
Gupis,min_temp,2010,June,6,12.4
Gupis,min_temp,2010,July,7,16.0
Gupis,min_temp,2010,August,8,15.7
Gupis,min_temp,2010,September,9,11.5
Gupis,min_temp,2010,October,10,6.9
Gupis,min_temp,2010,November,11,0.0
Gupis,min_temp,2010,December,12,-6.5
Gupis,min_temp,2011,January,1,-8.3871
Gupis,min_temp,2011,February,2,-6.0
Gupis,min_temp,2011,March,3,0.62903
Gupis,min_temp,2011,April,4,6.4833
Gupis,min_temp,2011,May,5,13.565
Gupis,min_temp,2011,June,6,16.85
Gupis,min_temp,2011,July,7,17.032
Gupis,min_temp,2011,August,8,17.0
Gupis,min_temp,2011,September,9,12.583
Gupis,min_temp,2011,October,10,6.2903
Gupis,min_temp,2011,November,11,-0.033333
Gupis,min_temp,2011,December,12,-5.1935
Gupis,min_temp,2012,January,1,-7.4968
Gupis,min_temp,2012,February,2,-4.9448
Gupis,min_temp,2012,March,3,-0.066667
Gupis,min_temp,2012,April,4,6.9375
Gupis,min_temp,2012,May,5,9.3167
Gupis,min_temp,2012,June,6,12.426
Gupis,min_temp,2012,July,7,17.517
Gupis,min_temp,2012,August,8,16.271
Gupis,min_temp,2012,September,9,11.733
Gupis,min_temp,2012,October,10,5.2633
Gupis,min_temp,2012,November,11,0.46552
Gupis,min_temp,2012,December,12,-4.0645
Gupis,min_temp,2013,January,1,-7.1452
Gupis,min_temp,2013,February,2,-3.8036
Gupis,min_temp,2013,March,3,2.4387
Gupis,min_temp,2013,April,4,7.1333
Gupis,min_temp,2013,May,5,9.1452
Gupis,min_temp,2013,June,6,15.733
Gupis,min_temp,2013,July,7,18.597
Gupis,min_temp,2013,August,8,16.113
Gupis,min_temp,2013,September,9,13.717
Gupis,min_temp,2013,October,10,8.0968
Gupis,min_temp,2013,November,11,-1.2
Gupis,min_temp,2013,December,12,-4.1935
Gupis,min_temp,2014,January,1,-6.9194
Gupis,min_temp,2014,February,2,-4.0192
Gupis,min_temp,2014,March,3,1.0323
Gupis,min_temp,2014,April,4,5.9833
Gupis,min_temp,2014,May,5,11.1
Gupis,min_temp,2014,June,6,13.567
Gupis,min_temp,2014,July,7,16.683
Gupis,min_temp,2014,August,8,15.597
Gupis,min_temp,2014,September,9,12.63
Gupis,min_temp,2014,October,10,6.85
Gupis,min_temp,2014,November,11,0.36667
Gupis,min_temp,2014,December,12,-4.1452
Gupis,min_temp,2015,January,1,-5.45
Gupis,min_temp,2015,February,2,-2.3889
Gupis,min_temp,2015,March,3,1.1935
Gupis,min_temp,2015,April,4,7.6667
Gupis,min_temp,2015,May,5,9.5161
Gupis,min_temp,2015,June,6,14.426
Gupis,min_temp,2015,July,7,17.65
Gupis,min_temp,2015,August,8,17.0
Gupis,min_temp,2015,September,9,11.4
Gupis,min_temp,2015,October,10,25.083
Gupis,min_temp,2015,November,11,0.17857
Gupis,min_temp,2015,December,12,-4.9074
Gupis,min_temp,2016,January,1,-6.1346
Gupis,min_temp,2016,February,2,-2.5172
Gupis,min_temp,2016,March,3,2.7581
Gupis,min_temp,2016,April,4,6.7333
Gupis,min_temp,2016,May,5,12.174
Gupis,min_temp,2016,June,6,16.083
Gupis,min_temp,2016,July,7,16.645
Gupis,min_temp,2016,August,8,14.226
Gupis,min_temp,2016,September,9,11.283
Gupis,min_temp,2016,October,10,7.2258
Gupis,min_temp,2016,November,11,0.55
Gupis,min_temp,2016,December,12,-4.2742
Gupis,min_temp,2017,January,1,-5.6774
Gupis,min_temp,2017,February,2,-3.5893
Gupis,min_temp,2017,March,3,0.43548
Gupis,min_temp,2017,April,4,6.3
Gupis,min_temp,2017,May,5,11.581
Gupis,min_temp,2017,June,6,15.533
Gupis,min_temp,2017,July,7,16.468
Gupis,min_temp,2017,August,8,15.129
Gupis,min_temp,2017,September,9,11.083
Gupis,min_temp,2017,October,10,6.0968
Gupis,min_temp,2017,November,11,0.0
Gupis,min_temp,2017,December,12,-3.8548
Gupis,min_temp,2018,January,1,-6.6
Gupis,min_temp,2018,February,2,-2.0
Gupis,min_temp,2018,March,3,4.4
Gupis,min_temp,2018,April,4,7.6
Gupis,min_temp,2018,May,5,9.8
Gupis,min_temp,2018,June,6,15.4
Gupis,min_temp,2018,July,7,17.7
Gupis,min_temp,2018,August,8,16.2
Gupis,min_temp,2018,September,9,12.1
Gupis,min_temp,2018,October,10,4.1
Gupis,min_temp,2018,November,11,-1.2
Gupis,min_temp,2018,December,12,-6.0
Gupis,min_temp,2019,January,1,-8.1
Gupis,min_temp,2019,February,2,-4.9
Gupis,min_temp,2019,March,3,-0.4
Gupis,min_temp,2019,April,4,7.0
Gupis,min_temp,2019,May,5,9.3
Gupis,min_temp,2019,June,6,10.7
Gupis,min_temp,2019,July,7,16.8
Gupis,min_temp,2019,August,8,14.0
Gupis,min_temp,2019,September,9,12.0
Gupis,min_temp,2019,October,10,4.8
Gupis,min_temp,2019,November,11,-0.4
Gupis,min_temp,2019,December,12,-7.5
Gupis,precipitation,1984,January,1,12.2
Gupis,precipitation,1984,February,2,0.0
Gupis,precipitation,1984,March,3,0.0
Gupis,precipitation,1984,April,4,20.0
Gupis,precipitation,1984,May,5,16.8
Gupis,precipitation,1984,June,6,0.0
Gupis,precipitation,1984,July,7,0.0
Gupis,precipitation,1984,August,8,5.6
Gupis,precipitation,1984,September,9,3.0
Gupis,precipitation,1984,October,10,0.0
Gupis,precipitation,1984,November,11,8.3
Gupis,precipitation,1984,December,12,0.8
Gupis,precipitation,1985,January,1,4.0
Gupis,precipitation,1985,February,2,6.1
Gupis,precipitation,1985,March,3,4.0
Gupis,precipitation,1985,April,4,0.0
Gupis,precipitation,1985,May,5,2.5
Gupis,precipitation,1985,June,6,0.0
Gupis,precipitation,1985,July,7,5.4
Gupis,precipitation,1985,August,8,29.2
Gupis,precipitation,1985,September,9,7.1
Gupis,precipitation,1985,October,10,2.8
Gupis,precipitation,1985,November,11,0.0
Gupis,precipitation,1985,December,12,1.5
Gupis,precipitation,1986,January,1,4.0
Gupis,precipitation,1986,February,2,0.0
Gupis,precipitation,1986,March,3,13.3
Gupis,precipitation,1986,April,4,14.7
Gupis,precipitation,1986,May,5,10.9
Gupis,precipitation,1986,June,6,0.0
Gupis,precipitation,1986,July,7,6.3
Gupis,precipitation,1986,August,8,37.8
Gupis,precipitation,1986,September,9,15.8
Gupis,precipitation,1986,October,10,0.0
Gupis,precipitation,1986,November,11,0.0
Gupis,precipitation,1986,December,12,0.0
Gupis,precipitation,1987,February,2,9.1
Gupis,precipitation,1987,March,3,9.4
Gupis,precipitation,1987,April,4,20.9
Gupis,precipitation,1987,July,7,12.9
Gupis,precipitation,1987,September,9,0.0
Gupis,precipitation,1987,October,10,10.2
Gupis,precipitation,1988,January,1,4.6
Gupis,precipitation,1988,February,2,2.7
Gupis,precipitation,1988,March,3,11.7
Gupis,precipitation,1988,April,4,1.5
Gupis,precipitation,1988,June,6,17.5
Gupis,precipitation,1988,July,7,15.8
Gupis,precipitation,1988,August,8,30.2
Gupis,precipitation,1988,September,9,14.5
Gupis,precipitation,1988,October,10,4.8
Gupis,precipitation,1988,November,11,0.0
Gupis,precipitation,1988,December,12,4.8
Gupis,precipitation,1989,January,1,0.0
Gupis,precipitation,1989,February,2,5.8
Gupis,precipitation,1989,March,3,4.8
Gupis,precipitation,1989,April,4,9.0
Gupis,precipitation,1989,May,5,89.6
Gupis,precipitation,1989,June,6,0.0
Gupis,precipitation,1989,July,7,32.8
Gupis,precipitation,1989,August,8,17.6
Gupis,precipitation,1989,September,9,3.9
Gupis,precipitation,1989,October,10,0.0
Gupis,precipitation,1989,November,11,1.8
Gupis,precipitation,1989,December,12,5.8
Gupis,precipitation,1990,January,1,1.8
Gupis,precipitation,1990,February,2,6.3
Gupis,precipitation,1990,March,3,16.5
Gupis,precipitation,1990,April,4,2.8
Gupis,precipitation,1990,May,5,9.1
Gupis,precipitation,1990,June,6,31.0
Gupis,precipitation,1990,July,7,0.0
Gupis,precipitation,1990,August,8,11.7
Gupis,precipitation,1990,September,9,3.8
Gupis,precipitation,1990,October,10,2.3
Gupis,precipitation,1990,November,11,0.0
Gupis,precipitation,1990,December,12,0.0
Gupis,precipitation,1991,January,1,14.5
Gupis,precipitation,1991,February,2,13.6
Gupis,precipitation,1991,March,3,17.5
Gupis,precipitation,1991,April,4,23.3
Gupis,precipitation,1991,May,5,28.5
Gupis,precipitation,1991,June,6,0.0
Gupis,precipitation,1991,July,7,18.5
Gupis,precipitation,1991,August,8,0.0
Gupis,precipitation,1991,September,9,0.0
Gupis,precipitation,1991,October,10,0.0
Gupis,precipitation,1991,November,11,0.0
Gupis,precipitation,1991,December,12,0.0
Gupis,precipitation,1992,January,1,17.1
Gupis,precipitation,1992,February,2,1.8
Gupis,precipitation,1992,March,3,30.4
Gupis,precipitation,1992,April,4,70.1
Gupis,precipitation,1992,May,5,0.0
Gupis,precipitation,1992,June,6,0.0
Gupis,precipitation,1992,July,7,7.1
Gupis,precipitation,1992,August,8,22.9
Gupis,precipitation,1992,September,9,118.2
Gupis,precipitation,1992,October,10,36.5
Gupis,precipitation,1992,November,11,0.0
Gupis,precipitation,1992,December,12,2.7
Gupis,precipitation,1993,January,1,4.5
Gupis,precipitation,1993,February,2,0.0
Gupis,precipitation,1993,March,3,56.1
Gupis,precipitation,1993,April,4,0.0
Gupis,precipitation,1993,May,5,9.4
Gupis,precipitation,1993,June,6,16.5
Gupis,precipitation,1993,July,7,79.7
Gupis,precipitation,1993,August,8,21.3
Gupis,precipitation,1993,September,9,5.0
Gupis,precipitation,1993,October,10,22.6
Gupis,precipitation,1993,November,11,26.4
Gupis,precipitation,1993,December,12,1.8
Gupis,precipitation,1994,January,1,9.0
Gupis,precipitation,1994,February,2,2.7
Gupis,precipitation,1994,March,3,28.7
Gupis,precipitation,1994,April,4,0.0
Gupis,precipitation,1994,May,5,0.0
Gupis,precipitation,1994,June,6,78.3
Gupis,precipitation,1994,July,7,18.0
Gupis,precipitation,1994,August,8,0.0
Gupis,precipitation,1994,September,9,10.7
Gupis,precipitation,1994,October,10,29.3
Gupis,precipitation,1994,November,11,14.0
Gupis,precipitation,1994,December,12,27.0
Gupis,precipitation,1995,January,1,0.0
Gupis,precipitation,1995,February,2,7.2
Gupis,precipitation,1995,March,3,68.6
Gupis,precipitation,1995,April,4,26.9
Gupis,precipitation,1995,May,5,106.9
Gupis,precipitation,1995,June,6,92.0
Gupis,precipitation,1995,July,7,9.7
Gupis,precipitation,1995,August,8,34.5
Gupis,precipitation,1995,September,9,5.1
Gupis,precipitation,1995,October,10,10.2
Gupis,precipitation,1995,November,11,0.0
Gupis,precipitation,1995,December,12,0.0
Gupis,precipitation,1996,January,1,2.7
Gupis,precipitation,1996,February,2,2.7
Gupis,precipitation,1996,March,3,65.8
Gupis,precipitation,1996,April,4,65.7
Gupis,precipitation,1996,May,5,97.5
Gupis,precipitation,1996,June,6,85.8
Gupis,precipitation,1996,July,7,14.2
Gupis,precipitation,1996,August,8,22.8
Gupis,precipitation,1996,September,9,0.0
Gupis,precipitation,1996,October,10,20.3
Gupis,precipitation,1996,November,11,0.0
Gupis,precipitation,1996,December,12,1.8
Gupis,precipitation,1997,March,3,20.3
Gupis,precipitation,1997,April,4,38.1
Gupis,precipitation,1997,May,5,47.7
Gupis,precipitation,1997,June,6,1.5
Gupis,precipitation,1997,July,7,21.8
Gupis,precipitation,1997,August,8,155.0
Gupis,precipitation,1997,September,9,5.6
Gupis,precipitation,1997,October,10,0.0
Gupis,precipitation,1997,November,11,0.0
Gupis,precipitation,1997,December,12,3.0
Gupis,precipitation,1998,January,1,0.0
Gupis,precipitation,1998,February,2,18.0
Gupis,precipitation,1998,March,3,12.6
Gupis,precipitation,1998,April,4,55.2
Gupis,precipitation,1998,May,5,48.5
Gupis,precipitation,1998,June,6,124.6
Gupis,precipitation,1998,July,7,10.1
Gupis,precipitation,1998,August,8,46.6
Gupis,precipitation,1998,September,9,22.7
Gupis,precipitation,1998,October,10,0.0
Gupis,precipitation,1998,November,11,0.0
Gupis,precipitation,1998,December,12,0.0
Gupis,precipitation,1999,January,1,0.0
Gupis,precipitation,1999,February,2,13.5
Gupis,precipitation,1999,March,3,35.6
Gupis,precipitation,1999,April,4,34.3
Gupis,precipitation,1999,May,5,9.6
Gupis,precipitation,1999,June,6,0.0
Gupis,precipitation,1999,July,7,37.1
Gupis,precipitation,1999,August,8,86.5
Gupis,precipitation,1999,September,9,0.0
Gupis,precipitation,1999,October,10,0.0
Gupis,precipitation,1999,November,11,0.0
Gupis,precipitation,1999,December,12,0.0
Gupis,precipitation,2000,January,1,0.0
Gupis,precipitation,2000,February,2,0.0
Gupis,precipitation,2000,March,3,0.0
Gupis,precipitation,2000,April,4,29.4
Gupis,precipitation,2000,May,5,16.5
Gupis,precipitation,2000,June,6,14.0
Gupis,precipitation,2000,July,7,20.5
Gupis,precipitation,2000,August,8,3.1
Gupis,precipitation,2000,September,9,12.0
Gupis,precipitation,2000,October,10,5.0
Gupis,precipitation,2000,November,11,0.0
Gupis,precipitation,2000,December,12,0.0
Gupis,precipitation,2001,January,1,0.0
Gupis,precipitation,2001,February,2,0.0
Gupis,precipitation,2001,March,3,4.0
Gupis,precipitation,2001,April,4,12.0
Gupis,precipitation,2001,May,5,8.1
Gupis,precipitation,2001,June,6,17.7
Gupis,precipitation,2001,July,7,65.5
Gupis,precipitation,2001,August,8,9.3
Gupis,precipitation,2001,September,9,1.1
Gupis,precipitation,2001,October,10,0.0
Gupis,precipitation,2001,November,11,7.5
Gupis,precipitation,2001,December,12,2.5
Gupis,precipitation,2002,January,1,0.0
Gupis,precipitation,2002,February,2,19.9
Gupis,precipitation,2002,March,3,22.1
Gupis,precipitation,2002,April,4,96.5
Gupis,precipitation,2002,May,5,17.7
Gupis,precipitation,2002,June,6,47.5
Gupis,precipitation,2002,July,7,18.3
Gupis,precipitation,2002,August,8,44.4
Gupis,precipitation,2002,September,9,56.5
Gupis,precipitation,2002,October,10,4.1
Gupis,precipitation,2002,November,11,0.0
Gupis,precipitation,2002,December,12,0.0
Gupis,precipitation,2003,January,1,0.0
Gupis,precipitation,2003,February,2,36.9
Gupis,precipitation,2003,March,3,44.6
Gupis,precipitation,2003,April,4,69.9
Gupis,precipitation,2003,May,5,99.4
Gupis,precipitation,2003,June,6,0.0
Gupis,precipitation,2003,July,7,22.3
Gupis,precipitation,2003,August,8,65.2
Gupis,precipitation,2003,September,9,72.0
Gupis,precipitation,2003,October,10,23.1
Gupis,precipitation,2003,November,11,0.0
Gupis,precipitation,2003,December,12,0.0
Gupis,precipitation,2004,January,1,41.8
Gupis,precipitation,2004,February,2,21.6
Gupis,precipitation,2004,March,3,24.9
Gupis,precipitation,2004,April,4,70.3
Gupis,precipitation,2004,May,5,62.0
Gupis,precipitation,2004,June,6,39.1
Gupis,precipitation,2004,July,7,22.0
Gupis,precipitation,2004,August,8,57.4
Gupis,precipitation,2004,September,9,14.5
Gupis,precipitation,2004,October,10,100.6
Gupis,precipitation,2004,November,11,9.1
Gupis,precipitation,2004,December,12,24.3
Gupis,precipitation,2005,January,1,25.9
Gupis,precipitation,2005,February,2,35.1
Gupis,precipitation,2005,March,3,21.5
Gupis,precipitation,2005,April,4,44.5
Gupis,precipitation,2005,May,5,66.4
Gupis,precipitation,2005,June,6,15.0
Gupis,precipitation,2005,July,7,9.6
Gupis,precipitation,2005,August,8,27.6
Gupis,precipitation,2005,September,9,30.5
Gupis,precipitation,2005,October,10,17.0
Gupis,precipitation,2005,November,11,0.0
Gupis,precipitation,2005,December,12,0.0
Gupis,precipitation,2006,January,1,22.1
Gupis,precipitation,2006,February,2,5.1
Gupis,precipitation,2006,March,3,0.0
Gupis,precipitation,2006,April,4,0.7
Gupis,precipitation,2006,May,5,1.0
Gupis,precipitation,2006,June,6,11.4
Gupis,precipitation,2006,July,7,7.9
Gupis,precipitation,2006,August,8,16.3
Gupis,precipitation,2006,September,9,4.6
Gupis,precipitation,2006,October,10,4.5
Gupis,precipitation,2006,November,11,0.0
Gupis,precipitation,2006,December,12,8.6
Gupis,precipitation,2007,January,1,0.0
Gupis,precipitation,2007,February,2,9.0
Gupis,precipitation,2007,March,3,27.6
Gupis,precipitation,2007,April,4,64.4
Gupis,precipitation,2007,May,5,7.6
Gupis,precipitation,2007,June,6,12.0
Gupis,precipitation,2007,July,7,29.6
Gupis,precipitation,2007,August,8,5.1
Gupis,precipitation,2007,September,9,4.5
Gupis,precipitation,2007,October,10,0.0
Gupis,precipitation,2007,November,11,0.0
Gupis,precipitation,2007,December,12,4.0
Gupis,precipitation,2008,January,1,6.8
Gupis,precipitation,2008,February,2,0.0
Gupis,precipitation,2008,March,3,0.0
Gupis,precipitation,2008,April,4,9.9
Gupis,precipitation,2008,May,5,0.0
Gupis,precipitation,2008,June,6,0.0
Gupis,precipitation,2008,July,7,16.0
Gupis,precipitation,2008,August,8,0.0
Gupis,precipitation,2008,September,9,4.0
Gupis,precipitation,2008,October,10,14.0
Gupis,precipitation,2008,November,11,5.0
Gupis,precipitation,2008,December,12,51.0
Gupis,precipitation,2009,January,1,48.0
Gupis,precipitation,2009,February,2,49.0
Gupis,precipitation,2009,March,3,5.5
Gupis,precipitation,2009,April,4,30.0
Gupis,precipitation,2009,May,5,0.0
Gupis,precipitation,2009,June,6,12.0
Gupis,precipitation,2009,July,7,1.0
Gupis,precipitation,2009,August,8,0.0
Gupis,precipitation,2009,September,9,4.0
Gupis,precipitation,2009,October,10,0.0
Gupis,precipitation,2009,November,11,0.0
Gupis,precipitation,2009,December,12,20.0
Gupis,precipitation,2010,January,1,26.5
Gupis,precipitation,2010,February,2,8.0
Gupis,precipitation,2010,March,3,7.0
Gupis,precipitation,2010,April,4,10.0
Gupis,precipitation,2010,May,5,18.0
Gupis,precipitation,2010,June,6,14.0
Gupis,precipitation,2010,July,7,69.0
Gupis,precipitation,2010,August,8,62.0
Gupis,precipitation,2010,September,9,24.0
Gupis,precipitation,2010,October,10,0.0
Gupis,precipitation,2010,November,11,0.0
Gupis,precipitation,2010,December,12,12.0
Gupis,precipitation,2011,January,1,0.0
Gupis,precipitation,2011,February,2,44.0
Gupis,precipitation,2011,March,3,0.0
Gupis,precipitation,2011,April,4,12.0
Gupis,precipitation,2011,May,5,8.5
Gupis,precipitation,2011,June,6,10.0
Gupis,precipitation,2011,July,7,5.0
Gupis,precipitation,2011,August,8,10.0
Gupis,precipitation,2011,September,9,18.0
Gupis,precipitation,2011,October,10,7.0
Gupis,precipitation,2011,November,11,0.0
Gupis,precipitation,2011,December,12,2.0
Gupis,precipitation,2012,January,1,22.9
Gupis,precipitation,2012,February,2,15.0
Gupis,precipitation,2012,March,3,44.0
Gupis,precipitation,2012,April,4,13.0
Gupis,precipitation,2012,May,5,37.0
Gupis,precipitation,2012,June,6,23.0
Gupis,precipitation,2012,July,7,5.0
Gupis,precipitation,2012,August,8,43.0
Gupis,precipitation,2012,September,9,27.0
Gupis,precipitation,2012,October,10,20.0
Gupis,precipitation,2012,November,11,0.7
Gupis,precipitation,2012,December,12,5.0
Gupis,precipitation,2013,January,1,14.0
Gupis,precipitation,2013,February,2,21.0
Gupis,precipitation,2013,March,3,18.5
Gupis,precipitation,2013,April,4,4.0
Gupis,precipitation,2013,May,5,84.0
Gupis,precipitation,2013,June,6,0.0
Gupis,precipitation,2013,July,7,3.0
Gupis,precipitation,2013,August,8,48.0
Gupis,precipitation,2013,September,9,0.0
Gupis,precipitation,2013,October,10,0.0
Gupis,precipitation,2013,November,11,12.5
Gupis,precipitation,2013,December,12,0.0
Gupis,precipitation,2014,January,1,0.0
Gupis,precipitation,2014,February,2,0.0
Gupis,precipitation,2014,March,3,14.0
Gupis,precipitation,2014,April,4,14.0
Gupis,precipitation,2014,May,5,23.0
Gupis,precipitation,2014,June,6,21.0
Gupis,precipitation,2014,July,7,21.0
Gupis,precipitation,2014,August,8,19.0
Gupis,precipitation,2014,September,9,4.0
Gupis,precipitation,2014,October,10,5.0
Gupis,precipitation,2014,November,11,0.1
Gupis,precipitation,2014,December,12,0.0
Gupis,precipitation,2015,January,1,0.0
Gupis,precipitation,2015,February,2,5.0
Gupis,precipitation,2015,March,3,11.0
Gupis,precipitation,2015,April,4,9.0
Gupis,precipitation,2015,May,5,38.0
Gupis,precipitation,2015,June,6,17.0
Gupis,precipitation,2015,July,7,19.0
Gupis,precipitation,2015,August,8,12.0
Gupis,precipitation,2015,September,9,9.0
Gupis,precipitation,2015,October,10,5.0
Gupis,precipitation,2015,November,11,28.0
Gupis,precipitation,2015,December,12,0.0
Gupis,precipitation,2016,January,1,0.0
Gupis,precipitation,2016,February,2,0.0
Gupis,precipitation,2016,March,3,43.7
Gupis,precipitation,2016,April,4,43.0
Gupis,precipitation,2016,May,5,29.0
Gupis,precipitation,2016,June,6,3.0
Gupis,precipitation,2016,July,7,22.0
Gupis,precipitation,2016,August,8,35.5
Gupis,precipitation,2016,September,9,12.0
Gupis,precipitation,2016,October,10,3.0
Gupis,precipitation,2016,November,11,0.0
Gupis,precipitation,2016,December,12,5.0
Gupis,precipitation,2017,January,1,4.0
Gupis,precipitation,2017,February,2,22.0
Gupis,precipitation,2017,March,3,20.0
Gupis,precipitation,2017,April,4,19.0
Gupis,precipitation,2017,May,5,6.0
Gupis,precipitation,2017,June,6,5.0
Gupis,precipitation,2017,July,7,8.0
Gupis,precipitation,2017,August,8,15.6
Gupis,precipitation,2017,September,9,6.02
Gupis,precipitation,2017,October,10,1.01
Gupis,precipitation,2017,November,11,1.0
Gupis,precipitation,2017,December,12,3.0
Gupis,precipitation,2018,January,1,0.0
Gupis,precipitation,2018,February,2,1.01
Gupis,precipitation,2018,March,3,10.0
Gupis,precipitation,2018,April,4,19.0
Gupis,precipitation,2018,May,5,8.5
Gupis,precipitation,2018,June,6,17.0
Gupis,precipitation,2018,July,7,17.9
Gupis,precipitation,2018,August,8,11.0
Gupis,precipitation,2018,September,9,2.0
Gupis,precipitation,2018,October,10,9.0
Gupis,precipitation,2018,November,11,16.5
Gupis,precipitation,2018,December,12,0.0
Gupis,precipitation,2019,January,1,0.8
Gupis,precipitation,2019,February,2,26.8
Gupis,precipitation,2019,March,3,13.0
Gupis,precipitation,2019,April,4,14.0
Gupis,precipitation,2019,May,5,6.0
Gupis,precipitation,2019,June,6,20.7
Gupis,precipitation,2019,July,7,8.0
Gupis,precipitation,2019,August,8,22.5
Gupis,precipitation,2019,September,9,3.0
Gupis,precipitation,2019,October,10,10.4
Gupis,precipitation,2019,November,11,16.2
Gupis,precipitation,2019,December,12,0.8
Gilgit,max_temp,1984,January,1,9.3
Gilgit,max_temp,1984,February,2,10.5
Gilgit,max_temp,1984,March,3,19.9
Gilgit,max_temp,1984,April,4,23.9
Gilgit,max_temp,1984,May,5,26.6
Gilgit,max_temp,1984,June,6,36.8
Gilgit,max_temp,1984,July,7,35.4
Gilgit,max_temp,1984,August,8,38.4
Gilgit,max_temp,1984,September,9,29.3
Gilgit,max_temp,1984,October,10,25.1
Gilgit,max_temp,1984,November,11,15.9
Gilgit,max_temp,1984,December,12,10.5
Gilgit,max_temp,1985,January,1,8.5
Gilgit,max_temp,1985,February,2,14.5
Gilgit,max_temp,1985,March,3,21.2
Gilgit,max_temp,1985,April,4,25.8
Gilgit,max_temp,1985,May,5,27.6
Gilgit,max_temp,1985,June,6,33.6
Gilgit,max_temp,1985,July,7,38.4
Gilgit,max_temp,1985,August,8,34.9
Gilgit,max_temp,1985,September,9,32.1
Gilgit,max_temp,1985,October,10,25.0
Gilgit,max_temp,1985,November,11,17.9
Gilgit,max_temp,1985,December,12,10.5
Gilgit,max_temp,1986,January,1,9.0
Gilgit,max_temp,1986,February,2,11.7
Gilgit,max_temp,1986,March,3,15.6
Gilgit,max_temp,1986,April,4,22.4
Gilgit,max_temp,1986,May,5,27.1
Gilgit,max_temp,1986,June,6,33.0
Gilgit,max_temp,1986,July,7,35.9
Gilgit,max_temp,1986,August,8,32.2
Gilgit,max_temp,1986,September,9,31.2
Gilgit,max_temp,1986,October,10,27.3
Gilgit,max_temp,1986,November,11,17.4
Gilgit,max_temp,1986,December,12,9.0
Gilgit,max_temp,1987,January,1,9.6
Gilgit,max_temp,1987,February,2,13.6
Gilgit,max_temp,1987,March,3,18.8
Gilgit,max_temp,1987,April,4,23.9
Gilgit,max_temp,1987,May,5,26.6
Gilgit,max_temp,1987,June,6,31.7
Gilgit,max_temp,1987,July,7,34.2
Gilgit,max_temp,1987,August,8,36.2
Gilgit,max_temp,1987,September,9,33.4
Gilgit,max_temp,1987,October,10,21.3
Gilgit,max_temp,1987,November,11,18.3
Gilgit,max_temp,1987,December,12,12.4
Gilgit,max_temp,1988,January,1,10.3
Gilgit,max_temp,1988,February,2,12.5
Gilgit,max_temp,1988,March,3,16.5
Gilgit,max_temp,1988,April,4,26.0
Gilgit,max_temp,1988,May,5,32.4
Gilgit,max_temp,1988,June,6,34.6
Gilgit,max_temp,1988,July,7,37.6
Gilgit,max_temp,1988,August,8,34.7
Gilgit,max_temp,1988,September,9,33.4
Gilgit,max_temp,1988,October,10,24.2
Gilgit,max_temp,1988,November,11,20.5
Gilgit,max_temp,1988,December,12,12.8
Gilgit,max_temp,1989,January,1,9.1
Gilgit,max_temp,1989,February,2,11.0
Gilgit,max_temp,1989,March,3,17.5
Gilgit,max_temp,1989,April,4,23.1
Gilgit,max_temp,1989,May,5,25.1
Gilgit,max_temp,1989,June,6,33.0
Gilgit,max_temp,1989,July,7,32.8
Gilgit,max_temp,1989,August,8,31.3
Gilgit,max_temp,1989,September,9,31.9
Gilgit,max_temp,1989,October,10,26.7
Gilgit,max_temp,1989,November,11,17.0
Gilgit,max_temp,1989,December,12,12.3
Gilgit,max_temp,1990,January,1,11.5
Gilgit,max_temp,1990,February,2,10.5
Gilgit,max_temp,1990,March,3,17.5
Gilgit,max_temp,1990,April,4,23.2
Gilgit,max_temp,1990,May,5,34.2
Gilgit,max_temp,1990,June,6,34.7
Gilgit,max_temp,1990,July,7,38.6
Gilgit,max_temp,1990,August,8,37.6
Gilgit,max_temp,1990,September,9,34.0
Gilgit,max_temp,1990,October,10,25.5
Gilgit,max_temp,1990,November,11,19.8
Gilgit,max_temp,1990,December,12,12.3
Gilgit,max_temp,1991,January,1,8.2
Gilgit,max_temp,1991,February,2,12.0
Gilgit,max_temp,1991,March,3,17.2
Gilgit,max_temp,1991,April,4,23.4
Gilgit,max_temp,1991,May,5,25.3
Gilgit,max_temp,1991,June,6,34.1
Gilgit,max_temp,1991,July,7,34.5
Gilgit,max_temp,1991,August,8,36.1
Gilgit,max_temp,1991,September,9,32.6
Gilgit,max_temp,1991,October,10,24.6
Gilgit,max_temp,1991,November,11,18.6
Gilgit,max_temp,1991,December,12,12.6
Gilgit,max_temp,1992,January,1,9.3
Gilgit,max_temp,1992,February,2,11.1
Gilgit,max_temp,1992,March,3,15.0
Gilgit,max_temp,1992,April,4,23.0
Gilgit,max_temp,1992,May,5,28.5
Gilgit,max_temp,1992,June,6,34.6
Gilgit,max_temp,1992,July,7,36.0
Gilgit,max_temp,1992,August,8,35.5
Gilgit,max_temp,1992,September,9,29.9
Gilgit,max_temp,1992,October,10,24.7
Gilgit,max_temp,1992,November,11,19.2
Gilgit,max_temp,1992,December,12,13.1
Gilgit,max_temp,1993,January,1,9.3
Gilgit,max_temp,1993,February,2,15.2
Gilgit,max_temp,1993,March,3,16.8
Gilgit,max_temp,1993,April,4,27.0
Gilgit,max_temp,1993,May,5,30.1
Gilgit,max_temp,1993,June,6,33.4
Gilgit,max_temp,1993,July,7,33.7
Gilgit,max_temp,1993,August,8,34.6
Gilgit,max_temp,1993,September,9,33.6
Gilgit,max_temp,1993,October,10,25.8
Gilgit,max_temp,1993,November,11,17.7
Gilgit,max_temp,1993,December,12,13.5
Gilgit,max_temp,1994,January,1,9.8
Gilgit,max_temp,1994,February,2,10.9
Gilgit,max_temp,1994,March,3,18.8
Gilgit,max_temp,1994,April,4,22.1
Gilgit,max_temp,1994,May,5,29.8
Gilgit,max_temp,1994,June,6,34.1
Gilgit,max_temp,1994,July,7,38.2
Gilgit,max_temp,1994,August,8,38.2
Gilgit,max_temp,1994,September,9,30.7
Gilgit,max_temp,1994,October,10,25.2
Gilgit,max_temp,1994,November,11,19.7
Gilgit,max_temp,1994,December,12,10.8
Gilgit,max_temp,1995,January,1,7.7
Gilgit,max_temp,1995,February,2,12.5
Gilgit,max_temp,1995,March,3,18.3
Gilgit,max_temp,1995,April,4,22.4
Gilgit,max_temp,1995,May,5,29.3
Gilgit,max_temp,1995,June,6,33.6
Gilgit,max_temp,1995,July,7,36.9
Gilgit,max_temp,1995,August,8,36.5
Gilgit,max_temp,1995,September,9,32.5
Gilgit,max_temp,1995,October,10,25.0
Gilgit,max_temp,1995,November,11,20.1
Gilgit,max_temp,1995,December,12,9.9
Gilgit,max_temp,1996,January,1,8.9
Gilgit,max_temp,1996,February,2,13.5
Gilgit,max_temp,1996,March,3,17.9
Gilgit,max_temp,1996,April,4,24.3
Gilgit,max_temp,1996,May,5,23.2
Gilgit,max_temp,1996,June,6,32.3
Gilgit,max_temp,1996,July,7,35.5
Gilgit,max_temp,1996,August,8,35.8
Gilgit,max_temp,1996,September,9,35.5
Gilgit,max_temp,1996,October,10,24.6
Gilgit,max_temp,1996,November,11,19.0
Gilgit,max_temp,1996,December,12,12.0
Gilgit,max_temp,1997,January,1,12.0
Gilgit,max_temp,1997,February,2,14.7
Gilgit,max_temp,1997,March,3,17.7
Gilgit,max_temp,1997,April,4,26.4
Gilgit,max_temp,1997,May,5,28.6
Gilgit,max_temp,1997,June,6,34.3
Gilgit,max_temp,1997,July,7,39.7
Gilgit,max_temp,1997,August,8,35.5
Gilgit,max_temp,1997,September,9,32.9
Gilgit,max_temp,1997,October,10,25.2
Gilgit,max_temp,1997,November,11,17.9
Gilgit,max_temp,1997,December,12,12.3
Gilgit,max_temp,1998,January,1,9.8
Gilgit,max_temp,1998,February,2,13.0
Gilgit,max_temp,1998,March,3,18.7
Gilgit,max_temp,1998,April,4,26.0
Gilgit,max_temp,1998,May,5,28.9
Gilgit,max_temp,1998,June,6,31.0
Gilgit,max_temp,1998,July,7,38.2
Gilgit,max_temp,1998,August,8,36.5
Gilgit,max_temp,1998,September,9,33.0
Gilgit,max_temp,1998,October,10,28.5
Gilgit,max_temp,1998,November,11,21.9
Gilgit,max_temp,1998,December,12,14.9
Gilgit,max_temp,1999,January,1,11.1
Gilgit,max_temp,1999,February,2,13.0
Gilgit,max_temp,1999,March,3,18.4
Gilgit,max_temp,1999,April,4,23.4
Gilgit,max_temp,1999,May,5,30.7
Gilgit,max_temp,1999,June,6,35.1
Gilgit,max_temp,1999,July,7,37.8
Gilgit,max_temp,1999,August,8,34.3
Gilgit,max_temp,1999,September,9,34.1
Gilgit,max_temp,1999,October,10,26.6
Gilgit,max_temp,1999,November,11,17.9
Gilgit,max_temp,1999,December,12,14.6
Gilgit,max_temp,2000,January,1,10.6
Gilgit,max_temp,2000,February,2,13.3
Gilgit,max_temp,2000,March,3,19.3
Gilgit,max_temp,2000,April,4,26.5
Gilgit,max_temp,2000,May,5,34.9
Gilgit,max_temp,2000,June,6,35.2
Gilgit,max_temp,2000,July,7,34.6
Gilgit,max_temp,2000,August,8,35.3
Gilgit,max_temp,2000,September,9,32.9
Gilgit,max_temp,2000,October,10,27.8
Gilgit,max_temp,2000,November,11,19.9
Gilgit,max_temp,2000,December,12,12.9
Gilgit,max_temp,2001,January,1,12.6
Gilgit,max_temp,2001,February,2,16.4
Gilgit,max_temp,2001,March,3,21.6
Gilgit,max_temp,2001,April,4,26.7
Gilgit,max_temp,2001,May,5,34.8
Gilgit,max_temp,2001,June,6,35.9
Gilgit,max_temp,2001,July,7,37.2
Gilgit,max_temp,2001,August,8,35.5
Gilgit,max_temp,2001,September,9,31.1
Gilgit,max_temp,2001,October,10,28.2
Gilgit,max_temp,2001,November,11,18.0
Gilgit,max_temp,2001,December,12,13.0
Gilgit,max_temp,2002,January,1,11.2
Gilgit,max_temp,2002,February,2,14.1
Gilgit,max_temp,2002,March,3,21.3
Gilgit,max_temp,2002,April,4,24.0
Gilgit,max_temp,2002,May,5,30.7
Gilgit,max_temp,2002,June,6,34.5
Gilgit,max_temp,2002,July,7,35.0
Gilgit,max_temp,2002,August,8,36.1
Gilgit,max_temp,2002,September,9,30.3
Gilgit,max_temp,2002,October,10,28.5
Gilgit,max_temp,2002,November,11,20.9
Gilgit,max_temp,2002,December,12,13.3
Gilgit,max_temp,2003,January,1,13.4
Gilgit,max_temp,2003,February,2,13.5
Gilgit,max_temp,2003,March,3,17.6
Gilgit,max_temp,2003,April,4,25.2
Gilgit,max_temp,2003,May,5,26.3
Gilgit,max_temp,2003,June,6,35.3
Gilgit,max_temp,2003,July,7,38.2
Gilgit,max_temp,2003,August,8,35.0
Gilgit,max_temp,2003,September,9,30.9
Gilgit,max_temp,2003,October,10,26.0
Gilgit,max_temp,2003,November,11,18.4
Gilgit,max_temp,2003,December,12,12.0
Gilgit,max_temp,2004,January,1,11.3
Gilgit,max_temp,2004,February,2,15.6
Gilgit,max_temp,2004,March,3,23.4
Gilgit,max_temp,2004,April,4,24.9
Gilgit,max_temp,2004,May,5,30.1
Gilgit,max_temp,2004,June,6,33.2
Gilgit,max_temp,2004,July,7,34.7
Gilgit,max_temp,2004,August,8,34.0
Gilgit,max_temp,2004,September,9,33.0
Gilgit,max_temp,2004,October,10,24.1
Gilgit,max_temp,2004,November,11,20.6
Gilgit,max_temp,2004,December,12,13.0
Gilgit,max_temp,2005,January,1,9.0
Gilgit,max_temp,2005,February,2,10.8
Gilgit,max_temp,2005,March,3,20.0
Gilgit,max_temp,2005,April,4,22.9
Gilgit,max_temp,2005,May,5,27.4
Gilgit,max_temp,2005,June,6,35.3
Gilgit,max_temp,2005,July,7,35.8
Gilgit,max_temp,2005,August,8,35.9
Gilgit,max_temp,2005,September,9,33.5
Gilgit,max_temp,2005,October,10,27.1
Gilgit,max_temp,2005,November,11,18.3
Gilgit,max_temp,2005,December,12,11.5
Gilgit,max_temp,2006,January,1,8.5
Gilgit,max_temp,2006,February,2,16.9
Gilgit,max_temp,2006,March,3,20.3
Gilgit,max_temp,2006,April,4,24.9
Gilgit,max_temp,2006,May,5,34.0
Gilgit,max_temp,2006,June,6,32.3
Gilgit,max_temp,2006,July,7,36.8
Gilgit,max_temp,2006,August,8,32.5
Gilgit,max_temp,2006,September,9,30.1
Gilgit,max_temp,2006,October,10,27.2
Gilgit,max_temp,2006,November,11,19.0
Gilgit,max_temp,2006,December,12,11.2
Gilgit,max_temp,2007,January,1,12.4
Gilgit,max_temp,2007,February,2,16.0
Gilgit,max_temp,2007,March,3,17.8
Gilgit,max_temp,2007,April,4,29.1
Gilgit,max_temp,2007,May,5,32.0
Gilgit,max_temp,2007,June,6,35.2
Gilgit,max_temp,2007,July,7,33.7
Gilgit,max_temp,2007,August,8,33.9
Gilgit,max_temp,2007,September,9,31.0
Gilgit,max_temp,2007,October,10,25.5
Gilgit,max_temp,2007,November,11,20.9
Gilgit,max_temp,2007,December,12,12.6
Gilgit,max_temp,2008,January,1,7.8
Gilgit,max_temp,2008,February,2,12.5
Gilgit,max_temp,2008,March,3,23.0
Gilgit,max_temp,2008,April,4,25.6
Gilgit,max_temp,2008,May,5,32.5
Gilgit,max_temp,2008,June,6,37.6
Gilgit,max_temp,2008,July,7,36.5
Gilgit,max_temp,2008,August,8,35.5
Gilgit,max_temp,2008,September,9,30.3
Gilgit,max_temp,2008,October,10,27.4
Gilgit,max_temp,2008,November,11,19.2
Gilgit,max_temp,2008,December,12,11.5
Gilgit,max_temp,2009,January,1,9.5
Gilgit,max_temp,2009,February,2,12.7
Gilgit,max_temp,2009,March,3,18.5
Gilgit,max_temp,2009,April,4,22.7
Gilgit,max_temp,2009,May,5,31.1
Gilgit,max_temp,2009,June,6,32.1
Gilgit,max_temp,2009,July,7,36.1
Gilgit,max_temp,2009,August,8,36.8
Gilgit,max_temp,2009,September,9,31.0
Gilgit,max_temp,2009,October,10,25.1
Gilgit,max_temp,2009,November,11,18.7
Gilgit,max_temp,2009,December,12,12.5
Gilgit,max_temp,2010,January,1,13.9
Gilgit,max_temp,2010,February,2,12.5
Gilgit,max_temp,2010,March,3,22.1
Gilgit,max_temp,2010,April,4,24.4
Gilgit,max_temp,2010,May,5,26.5
Gilgit,max_temp,2010,June,6,30.9
Gilgit,max_temp,2010,July,7,33.2
Gilgit,max_temp,2010,August,8,31.2
Gilgit,max_temp,2010,September,9,29.3
Gilgit,max_temp,2010,October,10,28.1
Gilgit,max_temp,2010,November,11,22.8
Gilgit,max_temp,2010,December,12,14.6
Gilgit,max_temp,2011,January,1,11.9
Gilgit,max_temp,2011,February,2,11.6
Gilgit,max_temp,2011,March,3,20.0
Gilgit,max_temp,2011,April,4,25.6
Gilgit,max_temp,2011,May,5,33.2
Gilgit,max_temp,2011,June,6,36.6
Gilgit,max_temp,2011,July,7,34.2
Gilgit,max_temp,2011,August,8,35.3
Gilgit,max_temp,2011,September,9,29.5
Gilgit,max_temp,2011,October,10,25.9
Gilgit,max_temp,2011,November,11,19.6
Gilgit,max_temp,2011,December,12,13.9
Gilgit,max_temp,2012,January,1,10.5
Gilgit,max_temp,2012,February,2,12.1
Gilgit,max_temp,2012,March,3,17.9
Gilgit,max_temp,2012,April,4,24.9
Gilgit,max_temp,2012,May,5,27.1
Gilgit,max_temp,2012,June,6,32.4
Gilgit,max_temp,2012,July,7,37.1
Gilgit,max_temp,2012,August,8,34.8
Gilgit,max_temp,2012,September,9,28.3
Gilgit,max_temp,2012,October,10,24.6
Gilgit,max_temp,2012,November,11,20.5
Gilgit,max_temp,2012,December,12,13.0
Gilgit,max_temp,2013,January,1,10.161290322580644
Gilgit,max_temp,2013,February,2,12.91935483870968
Gilgit,max_temp,2013,March,3,18.69677419354839
Gilgit,max_temp,2013,April,4,24.583870967741937
Gilgit,max_temp,2013,May,5,29.519354838709678
Gilgit,max_temp,2013,June,6,33.9483870967742
Gilgit,max_temp,2013,July,7,36.0741935483871
Gilgit,max_temp,2013,August,8,35.274193548387096
Gilgit,max_temp,2013,September,9,31.74838709677419
Gilgit,max_temp,2013,October,10,25.854838709677427
Gilgit,max_temp,2013,November,11,19.06129032258064
Gilgit,max_temp,2013,December,12,12.222580645161292
Gilgit,max_temp,2014,January,1,10.823
Gilgit,max_temp,2014,February,2,14.396
Gilgit,max_temp,2014,March,3,18.097
Gilgit,max_temp,2014,April,4,24.233
Gilgit,max_temp,2014,May,5,29.726
Gilgit,max_temp,2014,June,6,35.073
Gilgit,max_temp,2014,July,7,35.217
Gilgit,max_temp,2014,August,8,33.977
Gilgit,max_temp,2014,September,9,30.276
Gilgit,max_temp,2014,October,10,24.457
Gilgit,max_temp,2014,November,11,18.25
Gilgit,max_temp,2014,December,12,12.558
Gilgit,max_temp,2015,January,1,12.161
Gilgit,max_temp,2015,February,2,14.561
Gilgit,max_temp,2015,March,3,19.016
Gilgit,max_temp,2015,April,4,26.233
Gilgit,max_temp,2015,May,5,29.074
Gilgit,max_temp,2015,June,6,31.903
Gilgit,max_temp,2015,July,7,35.0
Gilgit,max_temp,2015,August,8,33.9
Gilgit,max_temp,2015,September,9,31.5
Gilgit,max_temp,2015,October,10,7.6613
Gilgit,max_temp,2015,November,11,16.13
Gilgit,max_temp,2015,December,12,13.0
Gilgit,max_temp,2016,January,1,12.357
Gilgit,max_temp,2016,February,2,16.724
Gilgit,max_temp,2016,March,3,20.283
Gilgit,max_temp,2016,April,4,22.65
Gilgit,max_temp,2016,May,5,29.661
Gilgit,max_temp,2016,June,6,34.207
Gilgit,max_temp,2016,July,7,34.929
Gilgit,max_temp,2016,August,8,31.613
Gilgit,max_temp,2016,September,9,31.033
Gilgit,max_temp,2016,October,10,26.694
Gilgit,max_temp,2016,November,11,19.427
Gilgit,max_temp,2016,December,12,15.097
Gilgit,max_temp,2017,January,1,10.235
Gilgit,max_temp,2017,February,2,13.614
Gilgit,max_temp,2017,March,3,18.194
Gilgit,max_temp,2017,April,4,23.067
Gilgit,max_temp,2017,May,5,31.177
Gilgit,max_temp,2017,June,6,33.9
Gilgit,max_temp,2017,July,7,34.323
Gilgit,max_temp,2017,August,8,33.665
Gilgit,max_temp,2017,September,9,30.867
Gilgit,max_temp,2017,October,10,26.532
Gilgit,max_temp,2017,November,11,19.783
Gilgit,max_temp,2017,December,12,13.581
Gilgit,max_temp,2018,January,1,12.3
Gilgit,max_temp,2018,February,2,16.4
Gilgit,max_temp,2018,March,3,21.6
Gilgit,max_temp,2018,April,4,26.5
Gilgit,max_temp,2018,May,5,28.0
Gilgit,max_temp,2018,June,6,34.0
Gilgit,max_temp,2018,July,7,34.6
Gilgit,max_temp,2018,August,8,36.7
Gilgit,max_temp,2018,September,9,31.4
Gilgit,max_temp,2018,October,10,23.8
Gilgit,max_temp,2018,November,11,16.7
Gilgit,max_temp,2018,December,12,13.2
Gilgit,max_temp,2019,January,1,7.6
Gilgit,max_temp,2019,February,2,10.9
Gilgit,max_temp,2019,March,3,18.3
Gilgit,max_temp,2019,April,4,26.0
Gilgit,max_temp,2019,May,5,29.0
Gilgit,max_temp,2019,June,6,29.3
Gilgit,max_temp,2019,July,7,37.1
Gilgit,max_temp,2019,August,8,34.6
Gilgit,max_temp,2019,September,9,34.3
Gilgit,max_temp,2019,October,10,24.9
Gilgit,max_temp,2019,November,11,15.5
Gilgit,max_temp,2019,December,12,11.2
Gilgit,min_temp,1984,January,1,-3.9
Gilgit,min_temp,1984,February,2,-0.9
Gilgit,min_temp,1984,March,3,6.4
Gilgit,min_temp,1984,April,4,9.2
Gilgit,min_temp,1984,May,5,12.5
Gilgit,min_temp,1984,June,6,16.1
Gilgit,min_temp,1984,July,7,19.2
Gilgit,min_temp,1984,August,8,20.4
Gilgit,min_temp,1984,September,9,11.9
Gilgit,min_temp,1984,October,10,5.8
Gilgit,min_temp,1984,November,11,1.5
Gilgit,min_temp,1984,December,12,-3.1
Gilgit,min_temp,1985,January,1,-1.4
Gilgit,min_temp,1985,February,2,-1.3
Gilgit,min_temp,1985,March,3,5.7
Gilgit,min_temp,1985,April,4,9.9
Gilgit,min_temp,1985,May,5,12.0
Gilgit,min_temp,1985,June,6,14.4
Gilgit,min_temp,1985,July,7,20.0
Gilgit,min_temp,1985,August,8,19.0
Gilgit,min_temp,1985,September,9,12.6
Gilgit,min_temp,1985,October,10,6.9
Gilgit,min_temp,1985,November,11,1.3
Gilgit,min_temp,1985,December,12,-0.2
Gilgit,min_temp,1986,January,1,-3.3
Gilgit,min_temp,1986,February,2,1.3
Gilgit,min_temp,1986,March,3,4.6
Gilgit,min_temp,1986,April,4,9.0
Gilgit,min_temp,1986,May,5,11.2
Gilgit,min_temp,1986,June,6,14.4
Gilgit,min_temp,1986,July,7,18.7
Gilgit,min_temp,1986,August,8,17.2
Gilgit,min_temp,1986,September,9,12.1
Gilgit,min_temp,1986,October,10,4.9
Gilgit,min_temp,1986,November,11,1.9
Gilgit,min_temp,1986,December,12,-0.7
Gilgit,min_temp,1987,January,1,-4.6
Gilgit,min_temp,1987,February,2,0.6
Gilgit,min_temp,1987,March,3,6.2
Gilgit,min_temp,1987,April,4,8.8
Gilgit,min_temp,1987,May,5,9.9
Gilgit,min_temp,1987,June,6,13.5
Gilgit,min_temp,1987,July,7,16.0
Gilgit,min_temp,1987,August,8,17.3
Gilgit,min_temp,1987,September,9,12.7
Gilgit,min_temp,1987,October,10,7.5
Gilgit,min_temp,1987,November,11,-0.2
Gilgit,min_temp,1987,December,12,-2.8
Gilgit,min_temp,1988,January,1,0.2
Gilgit,min_temp,1988,February,2,0.6
Gilgit,min_temp,1988,March,3,5.2
Gilgit,min_temp,1988,April,4,8.6
Gilgit,min_temp,1988,May,5,11.6
Gilgit,min_temp,1988,June,6,13.4
Gilgit,min_temp,1988,July,7,19.1
Gilgit,min_temp,1988,August,8,17.1
Gilgit,min_temp,1988,September,9,12.6
Gilgit,min_temp,1988,October,10,6.3
Gilgit,min_temp,1988,November,11,-0.5
Gilgit,min_temp,1988,December,12,-1.8
Gilgit,min_temp,1989,January,1,-3.7
Gilgit,min_temp,1989,February,2,-1.4
Gilgit,min_temp,1989,March,3,6.1
Gilgit,min_temp,1989,April,4,6.9
Gilgit,min_temp,1989,May,5,9.9
Gilgit,min_temp,1989,June,6,13.3
Gilgit,min_temp,1989,July,7,16.4
Gilgit,min_temp,1989,August,8,14.5
Gilgit,min_temp,1989,September,9,11.3
Gilgit,min_temp,1989,October,10,4.8
Gilgit,min_temp,1989,November,11,1.3
Gilgit,min_temp,1989,December,12,0.4
Gilgit,min_temp,1990,January,1,-1.1
Gilgit,min_temp,1990,February,2,2.0
Gilgit,min_temp,1990,March,3,3.8
Gilgit,min_temp,1990,April,4,7.6
Gilgit,min_temp,1990,May,5,11.9
Gilgit,min_temp,1990,June,6,15.8
Gilgit,min_temp,1990,July,7,18.5
Gilgit,min_temp,1990,August,8,16.3
Gilgit,min_temp,1990,September,9,12.4
Gilgit,min_temp,1990,October,10,4.8
Gilgit,min_temp,1990,November,11,-0.9
Gilgit,min_temp,1990,December,12,-2.1
Gilgit,min_temp,1991,January,1,-3.1
Gilgit,min_temp,1991,February,2,1.9
Gilgit,min_temp,1991,March,3,6.1
Gilgit,min_temp,1991,April,4,8.1
Gilgit,min_temp,1991,May,5,11.2
Gilgit,min_temp,1991,June,6,13.5
Gilgit,min_temp,1991,July,7,16.0
Gilgit,min_temp,1991,August,8,14.7
Gilgit,min_temp,1991,September,9,11.7
Gilgit,min_temp,1991,October,10,4.8
Gilgit,min_temp,1991,November,11,-0.3
Gilgit,min_temp,1991,December,12,1.8
Gilgit,min_temp,1992,January,1,-0.5
Gilgit,min_temp,1992,February,2,1.6
Gilgit,min_temp,1992,March,3,4.5
Gilgit,min_temp,1992,April,4,9.2
Gilgit,min_temp,1992,May,5,11.5
Gilgit,min_temp,1992,June,6,13.5
Gilgit,min_temp,1992,July,7,17.5
Gilgit,min_temp,1992,August,8,16.6
Gilgit,min_temp,1992,September,9,12.3
Gilgit,min_temp,1992,October,10,5.8
Gilgit,min_temp,1992,November,11,0.2
Gilgit,min_temp,1992,December,12,-2.0
Gilgit,min_temp,1993,January,1,-3.6
Gilgit,min_temp,1993,February,2,1.1
Gilgit,min_temp,1993,March,3,4.0
Gilgit,min_temp,1993,April,4,8.8
Gilgit,min_temp,1993,May,5,12.3
Gilgit,min_temp,1993,June,6,13.8
Gilgit,min_temp,1993,July,7,16.5
Gilgit,min_temp,1993,August,8,15.9
Gilgit,min_temp,1993,September,9,12.2
Gilgit,min_temp,1993,October,10,5.3
Gilgit,min_temp,1993,November,11,1.3
Gilgit,min_temp,1993,December,12,-2.0
Gilgit,min_temp,1994,January,1,-1.1
Gilgit,min_temp,1994,February,2,0.8
Gilgit,min_temp,1994,March,3,7.3
Gilgit,min_temp,1994,April,4,7.5
Gilgit,min_temp,1994,May,5,12.5
Gilgit,min_temp,1994,June,6,14.3
Gilgit,min_temp,1994,July,7,19.1
Gilgit,min_temp,1994,August,8,19.6
Gilgit,min_temp,1994,September,9,12.3
Gilgit,min_temp,1994,October,10,5.9
Gilgit,min_temp,1994,November,11,0.6
Gilgit,min_temp,1994,December,12,-1.8
Gilgit,min_temp,1995,January,1,-5.5
Gilgit,min_temp,1995,February,2,-0.8
Gilgit,min_temp,1995,March,3,5.0
Gilgit,min_temp,1995,April,4,9.6
Gilgit,min_temp,1995,May,5,12.3
Gilgit,min_temp,1995,June,6,14.7
Gilgit,min_temp,1995,July,7,17.6
Gilgit,min_temp,1995,August,8,17.7
Gilgit,min_temp,1995,September,9,12.5
Gilgit,min_temp,1995,October,10,7.3
Gilgit,min_temp,1995,November,11,-1.1
Gilgit,min_temp,1995,December,12,-2.4
Gilgit,min_temp,1996,January,1,-3.6
Gilgit,min_temp,1996,February,2,1.4
Gilgit,min_temp,1996,March,3,6.1
Gilgit,min_temp,1996,April,4,8.4
Gilgit,min_temp,1996,May,5,9.3
Gilgit,min_temp,1996,June,6,13.3
Gilgit,min_temp,1996,July,7,13.9
Gilgit,min_temp,1996,August,8,18.7
Gilgit,min_temp,1996,September,9,12.3
Gilgit,min_temp,1996,October,10,5.6
Gilgit,min_temp,1996,November,11,-1.5
Gilgit,min_temp,1996,December,12,-5.7
Gilgit,min_temp,1997,January,1,-4.3
Gilgit,min_temp,1997,February,2,-2.4
Gilgit,min_temp,1997,March,3,4.5
Gilgit,min_temp,1997,April,4,9.2
Gilgit,min_temp,1997,May,5,11.4
Gilgit,min_temp,1997,June,6,15.5
Gilgit,min_temp,1997,July,7,18.2
Gilgit,min_temp,1997,August,8,15.5
Gilgit,min_temp,1997,September,9,12.9
Gilgit,min_temp,1997,October,10,7.4
Gilgit,min_temp,1997,November,11,1.5
Gilgit,min_temp,1997,December,12,-0.9
Gilgit,min_temp,1998,January,1,-2.3
Gilgit,min_temp,1998,February,2,1.8
Gilgit,min_temp,1998,March,3,5.1
Gilgit,min_temp,1998,April,4,9.3
Gilgit,min_temp,1998,May,5,13.0
Gilgit,min_temp,1998,June,6,15.1
Gilgit,min_temp,1998,July,7,17.9
Gilgit,min_temp,1998,August,8,16.3
Gilgit,min_temp,1998,September,9,12.4
Gilgit,min_temp,1998,October,10,7.7
Gilgit,min_temp,1998,November,11,-0.8
Gilgit,min_temp,1998,December,12,-4.5
Gilgit,min_temp,1999,January,1,-0.9
Gilgit,min_temp,1999,February,2,2.4
Gilgit,min_temp,1999,March,3,6.7
Gilgit,min_temp,1999,April,4,9.8
Gilgit,min_temp,1999,May,5,12.1
Gilgit,min_temp,1999,June,6,13.3
Gilgit,min_temp,1999,July,7,17.3
Gilgit,min_temp,1999,August,8,16.8
Gilgit,min_temp,1999,September,9,12.8
Gilgit,min_temp,1999,October,10,4.4
Gilgit,min_temp,1999,November,11,0.9
Gilgit,min_temp,1999,December,12,-6.8
Gilgit,min_temp,2000,January,1,-4.0
Gilgit,min_temp,2000,February,2,-2.2
Gilgit,min_temp,2000,March,3,2.6
Gilgit,min_temp,2000,April,4,7.8
Gilgit,min_temp,2000,May,5,11.9
Gilgit,min_temp,2000,June,6,14.5
Gilgit,min_temp,2000,July,7,16.7
Gilgit,min_temp,2000,August,8,14.0
Gilgit,min_temp,2000,September,9,9.4
Gilgit,min_temp,2000,October,10,4.6
Gilgit,min_temp,2000,November,11,-0.2
Gilgit,min_temp,2000,December,12,-1.3
Gilgit,min_temp,2001,January,1,-5.6
Gilgit,min_temp,2001,February,2,0.0
Gilgit,min_temp,2001,March,3,3.6
Gilgit,min_temp,2001,April,4,9.4
Gilgit,min_temp,2001,May,5,12.8
Gilgit,min_temp,2001,June,6,15.2
Gilgit,min_temp,2001,July,7,18.6
Gilgit,min_temp,2001,August,8,14.7
Gilgit,min_temp,2001,September,9,9.3
Gilgit,min_temp,2001,October,10,3.9
Gilgit,min_temp,2001,November,11,-0.7
Gilgit,min_temp,2001,December,12,-1.1
Gilgit,min_temp,2002,January,1,-4.6
Gilgit,min_temp,2002,February,2,0.3
Gilgit,min_temp,2002,March,3,5.1
Gilgit,min_temp,2002,April,4,9.0
Gilgit,min_temp,2002,May,5,11.2
Gilgit,min_temp,2002,June,6,14.6
Gilgit,min_temp,2002,July,7,15.7
Gilgit,min_temp,2002,August,8,15.8
Gilgit,min_temp,2002,September,9,8.7
Gilgit,min_temp,2002,October,10,6.1
Gilgit,min_temp,2002,November,11,1.1
Gilgit,min_temp,2002,December,12,-1.5
Gilgit,min_temp,2003,January,1,-3.2
Gilgit,min_temp,2003,February,2,0.2
Gilgit,min_temp,2003,March,3,5.3
Gilgit,min_temp,2003,April,4,8.9
Gilgit,min_temp,2003,May,5,9.5
Gilgit,min_temp,2003,June,6,13.6
Gilgit,min_temp,2003,July,7,17.3
Gilgit,min_temp,2003,August,8,18.5
Gilgit,min_temp,2003,September,9,13.1
Gilgit,min_temp,2003,October,10,4.5
Gilgit,min_temp,2003,November,11,0.5
Gilgit,min_temp,2003,December,12,-1.6
Gilgit,min_temp,2004,January,1,0.0
Gilgit,min_temp,2004,February,2,1.1
Gilgit,min_temp,2004,March,3,6.9
Gilgit,min_temp,2004,April,4,9.8
Gilgit,min_temp,2004,May,5,11.3
Gilgit,min_temp,2004,June,6,14.8
Gilgit,min_temp,2004,July,7,16.4
Gilgit,min_temp,2004,August,8,16.3
Gilgit,min_temp,2004,September,9,11.2
Gilgit,min_temp,2004,October,10,6.7
Gilgit,min_temp,2004,November,11,1.3
Gilgit,min_temp,2004,December,12,0.3
Gilgit,min_temp,2005,January,1,0.0
Gilgit,min_temp,2005,February,2,0.9
Gilgit,min_temp,2005,March,3,7.5
Gilgit,min_temp,2005,April,4,8.0
Gilgit,min_temp,2005,May,5,10.9
Gilgit,min_temp,2005,June,6,14.0
Gilgit,min_temp,2005,July,7,17.5
Gilgit,min_temp,2005,August,8,16.1
Gilgit,min_temp,2005,September,9,11.8
Gilgit,min_temp,2005,October,10,4.9
Gilgit,min_temp,2005,November,11,-1.1
Gilgit,min_temp,2005,December,12,-6.0
Gilgit,min_temp,2006,January,1,-2.3
Gilgit,min_temp,2006,February,2,4.1
Gilgit,min_temp,2006,March,3,5.9
Gilgit,min_temp,2006,April,4,7.7
Gilgit,min_temp,2006,May,5,12.8
Gilgit,min_temp,2006,June,6,14.4
Gilgit,min_temp,2006,July,7,18.8
Gilgit,min_temp,2006,August,8,18.3
Gilgit,min_temp,2006,September,9,12.6
Gilgit,min_temp,2006,October,10,7.4
Gilgit,min_temp,2006,November,11,2.1
Gilgit,min_temp,2006,December,12,-2.5
Gilgit,min_temp,2007,January,1,-4.8
Gilgit,min_temp,2007,February,2,2.5
Gilgit,min_temp,2007,March,3,5.1
Gilgit,min_temp,2007,April,4,10.7
Gilgit,min_temp,2007,May,5,13.5
Gilgit,min_temp,2007,June,6,15.9
Gilgit,min_temp,2007,July,7,16.6
Gilgit,min_temp,2007,August,8,17.3
Gilgit,min_temp,2007,September,9,13.6
Gilgit,min_temp,2007,October,10,5.2
Gilgit,min_temp,2007,November,11,-0.8
Gilgit,min_temp,2007,December,12,-3.0
Gilgit,min_temp,2008,January,1,-3.0
Gilgit,min_temp,2008,February,2,-1.7
Gilgit,min_temp,2008,March,3,6.0
Gilgit,min_temp,2008,April,4,10.1
Gilgit,min_temp,2008,May,5,12.8
Gilgit,min_temp,2008,June,6,18.1
Gilgit,min_temp,2008,July,7,17.9
Gilgit,min_temp,2008,August,8,17.5
Gilgit,min_temp,2008,September,9,11.4
Gilgit,min_temp,2008,October,10,7.1
Gilgit,min_temp,2008,November,11,1.0
Gilgit,min_temp,2008,December,12,-1.5
Gilgit,min_temp,2009,January,1,0.1
Gilgit,min_temp,2009,February,2,2.5
Gilgit,min_temp,2009,March,3,6.1
Gilgit,min_temp,2009,April,4,9.3
Gilgit,min_temp,2009,May,5,11.5
Gilgit,min_temp,2009,June,6,14.3
Gilgit,min_temp,2009,July,7,16.0
Gilgit,min_temp,2009,August,8,17.0
Gilgit,min_temp,2009,September,9,12.2
Gilgit,min_temp,2009,October,10,6.5
Gilgit,min_temp,2009,November,11,-0.4
Gilgit,min_temp,2009,December,12,0.0
Gilgit,min_temp,2010,January,1,-1.9
Gilgit,min_temp,2010,February,2,1.9
Gilgit,min_temp,2010,March,3,7.3
Gilgit,min_temp,2010,April,4,10.3
Gilgit,min_temp,2010,May,5,12.4
Gilgit,min_temp,2010,June,6,14.0
Gilgit,min_temp,2010,July,7,16.7
Gilgit,min_temp,2010,August,8,17.8
Gilgit,min_temp,2010,September,9,13.3
Gilgit,min_temp,2010,October,10,5.9
Gilgit,min_temp,2010,November,11,-0.8
Gilgit,min_temp,2010,December,12,-5.9
Gilgit,min_temp,2011,January,1,-4.3
Gilgit,min_temp,2011,February,2,1.0
Gilgit,min_temp,2011,March,3,5.8
Gilgit,min_temp,2011,April,4,8.5
Gilgit,min_temp,2011,May,5,12.8
Gilgit,min_temp,2011,June,6,15.8
Gilgit,min_temp,2011,July,7,18.1
Gilgit,min_temp,2011,August,8,18.0
Gilgit,min_temp,2011,September,9,14.1
Gilgit,min_temp,2011,October,10,8.0
Gilgit,min_temp,2011,November,11,3.3
Gilgit,min_temp,2011,December,12,-3.1
Gilgit,min_temp,2012,January,1,-3.7
Gilgit,min_temp,2012,February,2,0.2
Gilgit,min_temp,2012,March,3,5.3
Gilgit,min_temp,2012,April,4,10.1
Gilgit,min_temp,2012,May,5,11.6
Gilgit,min_temp,2012,June,6,14.3
Gilgit,min_temp,2012,July,7,17.3
Gilgit,min_temp,2012,August,8,19.0
Gilgit,min_temp,2012,September,9,14.9
Gilgit,min_temp,2012,October,10,6.4
Gilgit,min_temp,2012,November,11,0.9
Gilgit,min_temp,2012,December,12,-1.7
Gilgit,min_temp,2013,January,1,-4.603225806451612
Gilgit,min_temp,2013,February,2,1.5571428571428572
Gilgit,min_temp,2013,March,3,6.283870967741936
Gilgit,min_temp,2013,April,4,10.456666666666667
Gilgit,min_temp,2013,May,5,12.096774193548388
Gilgit,min_temp,2013,June,6,16.68
Gilgit,min_temp,2013,July,7,18.493548387096773
Gilgit,min_temp,2013,August,8,18.224137931034484
Gilgit,min_temp,2013,September,9,12.55
Gilgit,min_temp,2013,October,10,7.770967741935484
Gilgit,min_temp,2013,November,11,0.6166666666666667
Gilgit,min_temp,2013,December,12,-1.8096774193548388
Gilgit,min_temp,2014,January,1,-3.1065
Gilgit,min_temp,2014,February,2,0.375
Gilgit,min_temp,2014,March,3,6.129
Gilgit,min_temp,2014,April,4,9.2667
Gilgit,min_temp,2014,May,5,12.85
Gilgit,min_temp,2014,June,6,14.533
Gilgit,min_temp,2014,July,7,18.3
Gilgit,min_temp,2014,August,8,16.683
Gilgit,min_temp,2014,September,9,12.7
Gilgit,min_temp,2014,October,10,8.8097
Gilgit,min_temp,2014,November,11,0.82333
Gilgit,min_temp,2014,December,12,-3.4839
Gilgit,min_temp,2015,January,1,-2.59
Gilgit,min_temp,2015,February,2,0.71429
Gilgit,min_temp,2015,March,3,4.8548
Gilgit,min_temp,2015,April,4,9.4167
Gilgit,min_temp,2015,May,5,12.468
Gilgit,min_temp,2015,June,6,14.933
Gilgit,min_temp,2015,July,7,19.806
Gilgit,min_temp,2015,August,8,18.113
Gilgit,min_temp,2015,September,9,12.7
Gilgit,min_temp,2015,October,10,28.333
Gilgit,min_temp,2015,November,11,2.6964
Gilgit,min_temp,2015,December,12,-2.1333
Gilgit,min_temp,2016,January,1,-2.8769
Gilgit,min_temp,2016,February,2,-0.22414
Gilgit,min_temp,2016,March,3,6.7581
Gilgit,min_temp,2016,April,4,8.8167
Gilgit,min_temp,2016,May,5,12.742
Gilgit,min_temp,2016,June,6,16.783
Gilgit,min_temp,2016,July,7,18.855
Gilgit,min_temp,2016,August,8,18.081
Gilgit,min_temp,2016,September,9,12.867
Gilgit,min_temp,2016,October,10,7.7194
Gilgit,min_temp,2016,November,11,1.19
Gilgit,min_temp,2016,December,12,-2.7097
Gilgit,min_temp,2017,January,1,-1.4194
Gilgit,min_temp,2017,February,2,2.375
Gilgit,min_temp,2017,March,3,5.4839
Gilgit,min_temp,2017,April,4,8.3833
Gilgit,min_temp,2017,May,5,13.79
Gilgit,min_temp,2017,June,6,16.183
Gilgit,min_temp,2017,July,7,19.161
Gilgit,min_temp,2017,August,8,17.597
Gilgit,min_temp,2017,September,9,13.033
Gilgit,min_temp,2017,October,10,6.6613
Gilgit,min_temp,2017,November,11,-0.53333
Gilgit,min_temp,2017,December,12,-1.8097
Gilgit,min_temp,2018,January,1,-4.6
Gilgit,min_temp,2018,February,2,0.6
Gilgit,min_temp,2018,March,3,5.3
Gilgit,min_temp,2018,April,4,9.5
Gilgit,min_temp,2018,May,5,12.4
Gilgit,min_temp,2018,June,6,16.6
Gilgit,min_temp,2018,July,7,18.7
Gilgit,min_temp,2018,August,8,18.3
Gilgit,min_temp,2018,September,9,13.2
Gilgit,min_temp,2018,October,10,5.1
Gilgit,min_temp,2018,November,11,1.8
Gilgit,min_temp,2018,December,12,-2.8
Gilgit,min_temp,2019,January,1,-1.0
Gilgit,min_temp,2019,February,2,1.6
Gilgit,min_temp,2019,March,3,5.9
Gilgit,min_temp,2019,April,4,11.0
Gilgit,min_temp,2019,May,5,11.5
Gilgit,min_temp,2019,June,6,14.1
Gilgit,min_temp,2019,July,7,18.7
Gilgit,min_temp,2019,August,8,18.7
Gilgit,min_temp,2019,September,9,14.7
Gilgit,min_temp,2019,October,10,7.8
Gilgit,min_temp,2019,November,11,4.8
Gilgit,min_temp,2019,December,12,-3.6
Gilgit,precipitation,1984,January,1,0.0
Gilgit,precipitation,1984,February,2,0.0
Gilgit,precipitation,1984,March,3,8.1
Gilgit,precipitation,1984,April,4,3.5
Gilgit,precipitation,1984,May,5,57.6
Gilgit,precipitation,1984,June,6,6.0
Gilgit,precipitation,1984,July,7,4.3
Gilgit,precipitation,1984,August,8,7.0
Gilgit,precipitation,1984,September,9,14.4
Gilgit,precipitation,1984,October,10,0.0
Gilgit,precipitation,1984,November,11,3.2
Gilgit,precipitation,1984,December,12,0.6
Gilgit,precipitation,1985,January,1,2.3
Gilgit,precipitation,1985,February,2,1.2
Gilgit,precipitation,1985,March,3,1.8
Gilgit,precipitation,1985,April,4,9.8
Gilgit,precipitation,1985,May,5,37.8
Gilgit,precipitation,1985,June,6,0.0
Gilgit,precipitation,1985,July,7,11.3
Gilgit,precipitation,1985,August,8,11.3
Gilgit,precipitation,1985,September,9,0.0
Gilgit,precipitation,1985,October,10,0.2
Gilgit,precipitation,1985,November,11,0.2
Gilgit,precipitation,1985,December,12,25.1
Gilgit,precipitation,1986,January,1,0.0
Gilgit,precipitation,1986,February,2,9.9
Gilgit,precipitation,1986,March,3,14.0
Gilgit,precipitation,1986,April,4,24.2
Gilgit,precipitation,1986,May,5,6.8
Gilgit,precipitation,1986,June,6,5.8
Gilgit,precipitation,1986,July,7,12.3
Gilgit,precipitation,1986,August,8,26.8
Gilgit,precipitation,1986,September,9,4.8
Gilgit,precipitation,1986,October,10,0.0
Gilgit,precipitation,1986,November,11,14.7
Gilgit,precipitation,1986,December,12,14.3
Gilgit,precipitation,1987,January,1,0.0
Gilgit,precipitation,1987,February,2,0.0
Gilgit,precipitation,1987,March,3,5.7
Gilgit,precipitation,1987,April,4,45.3
Gilgit,precipitation,1987,May,5,14.8
Gilgit,precipitation,1987,June,6,16.0
Gilgit,precipitation,1987,July,7,13.0
Gilgit,precipitation,1987,August,8,0.0
Gilgit,precipitation,1987,September,9,2.2
Gilgit,precipitation,1987,October,10,102.4
Gilgit,precipitation,1987,November,11,0.0
Gilgit,precipitation,1987,December,12,0.0
Gilgit,precipitation,1988,January,1,0.0
Gilgit,precipitation,1988,February,2,8.2
Gilgit,precipitation,1988,March,3,26.7
Gilgit,precipitation,1988,April,4,10.0
Gilgit,precipitation,1988,May,5,0.5
Gilgit,precipitation,1988,June,6,22.6
Gilgit,precipitation,1988,July,7,38.1
Gilgit,precipitation,1988,August,8,15.6
Gilgit,precipitation,1988,September,9,5.0
Gilgit,precipitation,1988,October,10,4.7
Gilgit,precipitation,1988,November,11,0.0
Gilgit,precipitation,1988,December,12,4.8
Gilgit,precipitation,1989,January,1,0.8
Gilgit,precipitation,1989,February,2,2.3
Gilgit,precipitation,1989,March,3,2.0
Gilgit,precipitation,1989,April,4,3.3
Gilgit,precipitation,1989,May,5,68.8
Gilgit,precipitation,1989,June,6,2.0
Gilgit,precipitation,1989,July,7,35.7
Gilgit,precipitation,1989,August,8,40.5
Gilgit,precipitation,1989,September,9,2.0
Gilgit,precipitation,1989,October,10,0.0
Gilgit,precipitation,1989,November,11,2.2
Gilgit,precipitation,1989,December,12,0.0
Gilgit,precipitation,1990,January,1,6.0
Gilgit,precipitation,1990,February,2,5.5
Gilgit,precipitation,1990,March,3,6.6
Gilgit,precipitation,1990,April,4,17.9
Gilgit,precipitation,1990,May,5,0.0
Gilgit,precipitation,1990,June,6,4.2
Gilgit,precipitation,1990,July,7,10.9
Gilgit,precipitation,1990,August,8,12.4
Gilgit,precipitation,1990,September,9,0.0
Gilgit,precipitation,1990,October,10,3.7
Gilgit,precipitation,1990,November,11,0.0
Gilgit,precipitation,1990,December,12,22.1
Gilgit,precipitation,1991,January,1,0.7
Gilgit,precipitation,1991,February,2,10.8
Gilgit,precipitation,1991,March,3,21.3
Gilgit,precipitation,1991,April,4,10.6
Gilgit,precipitation,1991,May,5,30.1
Gilgit,precipitation,1991,June,6,8.2
Gilgit,precipitation,1991,July,7,17.1
Gilgit,precipitation,1991,August,8,5.7
Gilgit,precipitation,1991,September,9,13.4
Gilgit,precipitation,1991,October,10,0.5
Gilgit,precipitation,1991,November,11,0.0
Gilgit,precipitation,1991,December,12,0.0
Gilgit,precipitation,1992,January,1,6.7
Gilgit,precipitation,1992,February,2,1.5
Gilgit,precipitation,1992,March,3,10.8
Gilgit,precipitation,1992,April,4,9.1
Gilgit,precipitation,1992,May,5,0.5
Gilgit,precipitation,1992,June,6,0.0
Gilgit,precipitation,1992,July,7,0.3
Gilgit,precipitation,1992,August,8,2.4
Gilgit,precipitation,1992,September,9,61.3
Gilgit,precipitation,1992,October,10,1.7
Gilgit,precipitation,1992,November,11,0.0
Gilgit,precipitation,1992,December,12,0.0
Gilgit,precipitation,1993,January,1,0.0
Gilgit,precipitation,1993,February,2,0.2
Gilgit,precipitation,1993,March,3,0.0
Gilgit,precipitation,1993,April,4,0.0
Gilgit,precipitation,1993,May,5,16.1
Gilgit,precipitation,1993,June,6,3.0
Gilgit,precipitation,1993,July,7,43.5
Gilgit,precipitation,1993,August,8,1.9
Gilgit,precipitation,1993,September,9,2.1
Gilgit,precipitation,1993,October,10,0.4
Gilgit,precipitation,1993,November,11,27.4
Gilgit,precipitation,1993,December,12,0.0
Gilgit,precipitation,1994,January,1,3.2
Gilgit,precipitation,1994,February,2,8.8
Gilgit,precipitation,1994,March,3,18.6
Gilgit,precipitation,1994,April,4,4.5
Gilgit,precipitation,1994,May,5,32.5
Gilgit,precipitation,1994,June,6,8.8
Gilgit,precipitation,1994,July,7,13.6
Gilgit,precipitation,1994,August,8,2.0
Gilgit,precipitation,1994,September,9,11.4
Gilgit,precipitation,1994,October,10,3.2
Gilgit,precipitation,1994,November,11,0.6
Gilgit,precipitation,1994,December,12,12.0
Gilgit,precipitation,1995,January,1,0.1
Gilgit,precipitation,1995,February,2,3.6
Gilgit,precipitation,1995,March,3,1.0
Gilgit,precipitation,1995,April,4,25.7
Gilgit,precipitation,1995,May,5,18.6
Gilgit,precipitation,1995,June,6,9.8
Gilgit,precipitation,1995,July,7,22.5
Gilgit,precipitation,1995,August,8,5.6
Gilgit,precipitation,1995,September,9,7.1
Gilgit,precipitation,1995,October,10,4.8
Gilgit,precipitation,1995,November,11,2.0
Gilgit,precipitation,1995,December,12,7.5
Gilgit,precipitation,1996,January,1,20.1
Gilgit,precipitation,1996,February,2,6.0
Gilgit,precipitation,1996,March,3,40.1
Gilgit,precipitation,1996,April,4,41.1
Gilgit,precipitation,1996,May,5,72.8
Gilgit,precipitation,1996,June,6,48.0
Gilgit,precipitation,1996,July,7,13.2
Gilgit,precipitation,1996,August,8,4.2
Gilgit,precipitation,1996,September,9,0.0
Gilgit,precipitation,1996,October,10,5.7
Gilgit,precipitation,1996,November,11,0.0
Gilgit,precipitation,1996,December,12,0.5
Gilgit,precipitation,1997,January,1,0.0
Gilgit,precipitation,1997,February,2,0.0
Gilgit,precipitation,1997,March,3,12.1
Gilgit,precipitation,1997,April,4,2.1
Gilgit,precipitation,1997,May,5,2.0
Gilgit,precipitation,1997,June,6,3.9
Gilgit,precipitation,1997,July,7,12.5
Gilgit,precipitation,1997,August,8,88.1
Gilgit,precipitation,1997,September,9,0.1
Gilgit,precipitation,1997,October,10,3.4
Gilgit,precipitation,1997,November,11,0.8
Gilgit,precipitation,1997,December,12,3.7
Gilgit,precipitation,1998,January,1,6.0
Gilgit,precipitation,1998,February,2,8.6
Gilgit,precipitation,1998,March,3,6.8
Gilgit,precipitation,1998,April,4,58.9
Gilgit,precipitation,1998,May,5,44.8
Gilgit,precipitation,1998,June,6,17.6
Gilgit,precipitation,1998,July,7,3.1
Gilgit,precipitation,1998,August,8,7.3
Gilgit,precipitation,1998,September,9,14.3
Gilgit,precipitation,1998,October,10,0.5
Gilgit,precipitation,1998,November,11,0.0
Gilgit,precipitation,1998,December,12,0.0
Gilgit,precipitation,1999,January,1,1.6
Gilgit,precipitation,1999,February,2,34.5
Gilgit,precipitation,1999,March,3,6.8
Gilgit,precipitation,1999,April,4,85.0
Gilgit,precipitation,1999,May,5,15.8
Gilgit,precipitation,1999,June,6,3.5
Gilgit,precipitation,1999,July,7,12.0
Gilgit,precipitation,1999,August,8,18.5
Gilgit,precipitation,1999,September,9,11.6
Gilgit,precipitation,1999,October,10,4.1
Gilgit,precipitation,1999,November,11,8.7
Gilgit,precipitation,1999,December,12,0.0
Gilgit,precipitation,2000,January,1,4.9
Gilgit,precipitation,2000,February,2,0.0
Gilgit,precipitation,2000,March,3,1.7
Gilgit,precipitation,2000,April,4,13.3
Gilgit,precipitation,2000,May,5,0.7
Gilgit,precipitation,2000,June,6,18.7
Gilgit,precipitation,2000,July,7,22.4
Gilgit,precipitation,2000,August,8,16.6
Gilgit,precipitation,2000,September,9,12.9
Gilgit,precipitation,2000,October,10,2.0
Gilgit,precipitation,2000,November,11,0.0
Gilgit,precipitation,2000,December,12,4.0
Gilgit,precipitation,2001,January,1,0.0
Gilgit,precipitation,2001,February,2,0.5
Gilgit,precipitation,2001,March,3,12.9
Gilgit,precipitation,2001,April,4,6.2
Gilgit,precipitation,2001,May,5,1.8
Gilgit,precipitation,2001,June,6,20.6
Gilgit,precipitation,2001,July,7,12.7
Gilgit,precipitation,2001,August,8,14.0
Gilgit,precipitation,2001,September,9,1.3
Gilgit,precipitation,2001,October,10,0.6
Gilgit,precipitation,2001,November,11,15.0
Gilgit,precipitation,2001,December,12,2.4
Gilgit,precipitation,2002,January,1,0.5
Gilgit,precipitation,2002,February,2,9.3
Gilgit,precipitation,2002,March,3,2.9
Gilgit,precipitation,2002,April,4,31.2
Gilgit,precipitation,2002,May,5,9.4
Gilgit,precipitation,2002,June,6,18.0
Gilgit,precipitation,2002,July,7,16.4
Gilgit,precipitation,2002,August,8,20.8
Gilgit,precipitation,2002,September,9,3.7
Gilgit,precipitation,2002,October,10,0.0
Gilgit,precipitation,2002,November,11,0.0
Gilgit,precipitation,2002,December,12,0.2
Gilgit,precipitation,2003,January,1,0.0
Gilgit,precipitation,2003,February,2,33.4
Gilgit,precipitation,2003,March,3,18.5
Gilgit,precipitation,2003,April,4,23.8
Gilgit,precipitation,2003,May,5,87.2
Gilgit,precipitation,2003,June,6,6.9
Gilgit,precipitation,2003,July,7,15.4
Gilgit,precipitation,2003,August,8,9.4
Gilgit,precipitation,2003,September,9,17.6
Gilgit,precipitation,2003,October,10,8.4
Gilgit,precipitation,2003,November,11,0.3
Gilgit,precipitation,2003,December,12,4.7
Gilgit,precipitation,2004,January,1,0.4
Gilgit,precipitation,2004,February,2,6.9
Gilgit,precipitation,2004,March,3,6.0
Gilgit,precipitation,2004,April,4,45.2
Gilgit,precipitation,2004,May,5,13.3
Gilgit,precipitation,2004,June,6,14.8
Gilgit,precipitation,2004,July,7,4.8
Gilgit,precipitation,2004,August,8,10.4
Gilgit,precipitation,2004,September,9,2.3
Gilgit,precipitation,2004,October,10,6.5
Gilgit,precipitation,2004,November,11,0.0
Gilgit,precipitation,2004,December,12,36.5
Gilgit,precipitation,2005,January,1,11.2
Gilgit,precipitation,2005,February,2,14.1
Gilgit,precipitation,2005,March,3,12.4
Gilgit,precipitation,2005,April,4,58.9
Gilgit,precipitation,2005,May,5,32.6
Gilgit,precipitation,2005,June,6,2.7
Gilgit,precipitation,2005,July,7,9.3
Gilgit,precipitation,2005,August,8,2.1
Gilgit,precipitation,2005,September,9,2.1
Gilgit,precipitation,2005,October,10,0.0
Gilgit,precipitation,2005,November,11,4.0
Gilgit,precipitation,2005,December,12,0.4
Gilgit,precipitation,2006,January,1,15.4
Gilgit,precipitation,2006,February,2,6.0
Gilgit,precipitation,2006,March,3,2.1
Gilgit,precipitation,2006,April,4,23.0
Gilgit,precipitation,2006,May,5,1.5
Gilgit,precipitation,2006,June,6,11.1
Gilgit,precipitation,2006,July,7,8.1
Gilgit,precipitation,2006,August,8,39.0
Gilgit,precipitation,2006,September,9,11.9
Gilgit,precipitation,2006,October,10,4.7
Gilgit,precipitation,2006,November,11,4.0
Gilgit,precipitation,2006,December,12,5.8
Gilgit,precipitation,2007,January,1,0.0
Gilgit,precipitation,2007,February,2,1.3
Gilgit,precipitation,2007,March,3,11.9
Gilgit,precipitation,2007,April,4,15.2
Gilgit,precipitation,2007,May,5,12.0
Gilgit,precipitation,2007,June,6,18.8
Gilgit,precipitation,2007,July,7,12.5
Gilgit,precipitation,2007,August,8,6.3
Gilgit,precipitation,2007,September,9,6.3
Gilgit,precipitation,2007,October,10,0.0
Gilgit,precipitation,2007,November,11,0.0
Gilgit,precipitation,2007,December,12,0.0
Gilgit,precipitation,2008,January,1,2.9
Gilgit,precipitation,2008,February,2,0.0
Gilgit,precipitation,2008,March,3,0.0
Gilgit,precipitation,2008,April,4,8.3
Gilgit,precipitation,2008,May,5,75.8
Gilgit,precipitation,2008,June,6,15.6
Gilgit,precipitation,2008,July,7,3.5
Gilgit,precipitation,2008,August,8,10.9
Gilgit,precipitation,2008,September,9,8.3
Gilgit,precipitation,2008,October,10,12.9
Gilgit,precipitation,2008,November,11,1.0
Gilgit,precipitation,2008,December,12,31.5
Gilgit,precipitation,2009,January,1,32.2
Gilgit,precipitation,2009,February,2,4.7
Gilgit,precipitation,2009,March,3,6.1
Gilgit,precipitation,2009,April,4,42.9
Gilgit,precipitation,2009,May,5,3.1
Gilgit,precipitation,2009,June,6,21.6
Gilgit,precipitation,2009,July,7,2.5
Gilgit,precipitation,2009,August,8,1.4
Gilgit,precipitation,2009,September,9,16.8
Gilgit,precipitation,2009,October,10,1.2
Gilgit,precipitation,2009,November,11,0.0
Gilgit,precipitation,2009,December,12,8.6
Gilgit,precipitation,2010,January,1,0.0
Gilgit,precipitation,2010,February,2,14.0
Gilgit,precipitation,2010,March,3,22.0
Gilgit,precipitation,2010,April,4,23.0
Gilgit,precipitation,2010,May,5,61.0
Gilgit,precipitation,2010,June,6,23.0
Gilgit,precipitation,2010,July,7,53.0
Gilgit,precipitation,2010,August,8,59.0
Gilgit,precipitation,2010,September,9,9.0
Gilgit,precipitation,2010,October,10,1.0
Gilgit,precipitation,2010,November,11,0.0
Gilgit,precipitation,2010,December,12,1.0
Gilgit,precipitation,2011,January,1,5.0
Gilgit,precipitation,2011,February,2,35.0
Gilgit,precipitation,2011,March,3,10.0
Gilgit,precipitation,2011,April,4,6.0
Gilgit,precipitation,2011,May,5,17.0
Gilgit,precipitation,2011,June,6,20.0
Gilgit,precipitation,2011,July,7,16.7
Gilgit,precipitation,2011,August,8,12.0
Gilgit,precipitation,2011,September,9,35.0
Gilgit,precipitation,2011,October,10,4.7
Gilgit,precipitation,2011,November,11,0.2
Gilgit,precipitation,2011,December,12,0.0
Gilgit,precipitation,2012,January,1,0.0
Gilgit,precipitation,2012,February,2,2.6
Gilgit,precipitation,2012,March,3,36.9
Gilgit,precipitation,2012,April,4,11.3
Gilgit,precipitation,2012,May,5,18.4
Gilgit,precipitation,2012,June,6,9.3
Gilgit,precipitation,2012,July,7,1.1
Gilgit,precipitation,2012,August,8,11.3
Gilgit,precipitation,2012,September,9,49.0
Gilgit,precipitation,2012,October,10,0.2
Gilgit,precipitation,2012,November,11,2.2
Gilgit,precipitation,2012,December,12,5.1
Gilgit,precipitation,2013,January,1,3.1
Gilgit,precipitation,2013,February,2,3.6
Gilgit,precipitation,2013,March,3,3.2
Gilgit,precipitation,2013,April,4,5.6
Gilgit,precipitation,2013,May,5,50.0
Gilgit,precipitation,2013,June,6,7.1
Gilgit,precipitation,2013,July,7,3.4
Gilgit,precipitation,2013,August,8,47.6
Gilgit,precipitation,2013,September,9,14.4
Gilgit,precipitation,2013,October,10,1.5
Gilgit,precipitation,2013,November,11,14.0
Gilgit,precipitation,2013,December,12,0.0
Gilgit,precipitation,2014,January,1,3.3
Gilgit,precipitation,2014,February,2,0.4
Gilgit,precipitation,2014,March,3,10.8
Gilgit,precipitation,2014,April,4,2.2
Gilgit,precipitation,2014,May,5,10.2
Gilgit,precipitation,2014,June,6,4.9
Gilgit,precipitation,2014,July,7,21.2
Gilgit,precipitation,2014,August,8,15.4
Gilgit,precipitation,2014,September,9,23.8
Gilgit,precipitation,2014,October,10,29.8
Gilgit,precipitation,2014,November,11,3.5
Gilgit,precipitation,2014,December,12,0.2
Gilgit,precipitation,2015,January,1,0.2
Gilgit,precipitation,2015,February,2,13.5
Gilgit,precipitation,2015,March,3,7.0
Gilgit,precipitation,2015,April,4,19.8
Gilgit,precipitation,2015,May,5,22.5
Gilgit,precipitation,2015,June,6,8.6
Gilgit,precipitation,2015,July,7,9.4
Gilgit,precipitation,2015,August,8,17.1
Gilgit,precipitation,2015,September,9,29.0
Gilgit,precipitation,2015,October,10,7.2
Gilgit,precipitation,2015,November,11,12.6
Gilgit,precipitation,2015,December,12,2.0
Gilgit,precipitation,2016,January,1,3.8
Gilgit,precipitation,2016,February,2,7.9
Gilgit,precipitation,2016,March,3,10.5
Gilgit,precipitation,2016,April,4,60.6
Gilgit,precipitation,2016,May,5,22.4
Gilgit,precipitation,2016,June,6,21.3
Gilgit,precipitation,2016,July,7,24.8
Gilgit,precipitation,2016,August,8,10.4
Gilgit,precipitation,2016,September,9,11.8
Gilgit,precipitation,2016,October,10,0.6
Gilgit,precipitation,2016,November,11,0.0
Gilgit,precipitation,2016,December,12,0.1
Gilgit,precipitation,2017,January,1,11.41
Gilgit,precipitation,2017,February,2,13.44
Gilgit,precipitation,2017,March,3,5.04
Gilgit,precipitation,2017,April,4,45.72
Gilgit,precipitation,2017,May,5,43.42
Gilgit,precipitation,2017,June,6,10.14
Gilgit,precipitation,2017,July,7,10.38
Gilgit,precipitation,2017,August,8,10.35
Gilgit,precipitation,2017,September,9,2.95
Gilgit,precipitation,2017,October,10,0.05
Gilgit,precipitation,2017,November,11,0.0
Gilgit,precipitation,2017,December,12,4.82
Gilgit,precipitation,2018,January,1,0.01
Gilgit,precipitation,2018,February,2,1.04
Gilgit,precipitation,2018,March,3,38.31
Gilgit,precipitation,2018,April,4,16.96
Gilgit,precipitation,2018,May,5,12.35
Gilgit,precipitation,2018,June,6,2.97
Gilgit,precipitation,2018,July,7,17.76
Gilgit,precipitation,2018,August,8,9.73
Gilgit,precipitation,2018,September,9,5.63
Gilgit,precipitation,2018,October,10,10.8
Gilgit,precipitation,2018,November,11,23.4
Gilgit,precipitation,2018,December,12,0.0
Gilgit,precipitation,2019,January,1,6.23
Gilgit,precipitation,2019,February,2,19.13
Gilgit,precipitation,2019,March,3,14.83
Gilgit,precipitation,2019,April,4,4.44
Gilgit,precipitation,2019,May,5,17.75
Gilgit,precipitation,2019,June,6,33.38
Gilgit,precipitation,2019,July,7,4.63
Gilgit,precipitation,2019,August,8,15.45
Gilgit,precipitation,2019,September,9,0.03
Gilgit,precipitation,2019,October,10,1.08
Gilgit,precipitation,2019,November,11,26.66
Gilgit,precipitation,2019,December,12,0.0
Skardu,max_temp,1984,January,1,5.7
Skardu,max_temp,1984,February,2,7.1
Skardu,max_temp,1984,March,3,15.5
Skardu,max_temp,1984,April,4,18.9
Skardu,max_temp,1984,May,5,22.8
Skardu,max_temp,1984,June,6,31.8
Skardu,max_temp,1984,July,7,32.3
Skardu,max_temp,1984,August,8,35.9
Skardu,max_temp,1984,September,9,26.0
Skardu,max_temp,1984,October,10,21.6
Skardu,max_temp,1984,November,11,12.0
Skardu,max_temp,1984,December,12,6.3
Skardu,max_temp,1985,January,1,2.7
Skardu,max_temp,1985,February,2,8.2
Skardu,max_temp,1985,March,3,15.8
Skardu,max_temp,1985,April,4,21.8
Skardu,max_temp,1985,May,5,23.5
Skardu,max_temp,1985,June,6,28.4
Skardu,max_temp,1985,July,7,35.4
Skardu,max_temp,1985,August,8,32.9
Skardu,max_temp,1985,September,9,28.9
Skardu,max_temp,1985,October,10,20.9
Skardu,max_temp,1985,November,11,14.2
Skardu,max_temp,1985,December,12,6.5
Skardu,max_temp,1986,January,1,-0.7
Skardu,max_temp,1986,February,2,4.9
Skardu,max_temp,1986,March,3,10.8
Skardu,max_temp,1986,April,4,18.2
Skardu,max_temp,1986,May,5,22.6
Skardu,max_temp,1986,June,6,27.9
Skardu,max_temp,1986,July,7,32.9
Skardu,max_temp,1986,August,8,31.1
Skardu,max_temp,1986,September,9,27.8
Skardu,max_temp,1986,October,10,22.6
Skardu,max_temp,1986,November,11,12.3
Skardu,max_temp,1986,December,12,5.0
Skardu,max_temp,1987,January,1,2.5
Skardu,max_temp,1987,February,2,8.1
Skardu,max_temp,1987,March,3,13.5
Skardu,max_temp,1987,April,4,19.2
Skardu,max_temp,1987,May,5,21.3
Skardu,max_temp,1987,June,6,26.5
Skardu,max_temp,1987,July,7,30.1
Skardu,max_temp,1987,August,8,32.8
Skardu,max_temp,1987,September,9,29.5
Skardu,max_temp,1987,October,10,17.9
Skardu,max_temp,1987,November,11,14.2
Skardu,max_temp,1987,December,12,9.5
Skardu,max_temp,1988,January,1,4.8
Skardu,max_temp,1988,February,2,6.7
Skardu,max_temp,1988,March,3,11.2
Skardu,max_temp,1988,April,4,20.5
Skardu,max_temp,1988,May,5,25.4
Skardu,max_temp,1988,June,6,28.1
Skardu,max_temp,1988,July,7,31.3
Skardu,max_temp,1988,August,8,30.3
Skardu,max_temp,1988,September,9,28.5
Skardu,max_temp,1988,October,10,19.3
Skardu,max_temp,1988,November,11,15.7
Skardu,max_temp,1988,December,12,8.1
Skardu,max_temp,1989,January,1,5.2
Skardu,max_temp,1989,February,2,7.2
Skardu,max_temp,1989,March,3,13.0
Skardu,max_temp,1989,April,4,17.7
Skardu,max_temp,1989,May,5,22.1
Skardu,max_temp,1989,June,6,27.2
Skardu,max_temp,1989,July,7,29.0
Skardu,max_temp,1989,August,8,28.6
Skardu,max_temp,1989,September,9,29.5
Skardu,max_temp,1989,October,10,22.5
Skardu,max_temp,1989,November,11,12.4
Skardu,max_temp,1989,December,12,7.5
Skardu,max_temp,1990,January,1,6.8
Skardu,max_temp,1990,February,2,5.4
Skardu,max_temp,1990,March,3,11.7
Skardu,max_temp,1990,April,4,18.4
Skardu,max_temp,1990,May,5,28.2
Skardu,max_temp,1990,June,6,31.5
Skardu,max_temp,1990,July,7,34.2
Skardu,max_temp,1990,August,8,34.4
Skardu,max_temp,1990,September,9,31.0
Skardu,max_temp,1990,October,10,21.9
Skardu,max_temp,1990,November,11,15.7
Skardu,max_temp,1990,December,12,9.0
Skardu,max_temp,1991,January,1,2.2
Skardu,max_temp,1991,February,2,7.0
Skardu,max_temp,1991,March,3,11.9
Skardu,max_temp,1991,April,4,19.3
Skardu,max_temp,1991,May,5,21.9
Skardu,max_temp,1991,June,6,30.7
Skardu,max_temp,1991,July,7,32.0
Skardu,max_temp,1991,August,8,32.8
Skardu,max_temp,1991,September,9,30.0
Skardu,max_temp,1991,October,10,20.4
Skardu,max_temp,1991,November,11,14.0
Skardu,max_temp,1991,December,12,7.5
Skardu,max_temp,1992,January,1,3.4
Skardu,max_temp,1992,February,2,5.5
Skardu,max_temp,1992,March,3,10.9
Skardu,max_temp,1992,April,4,19.6
Skardu,max_temp,1992,May,5,24.5
Skardu,max_temp,1992,June,6,30.1
Skardu,max_temp,1992,July,7,32.9
Skardu,max_temp,1992,August,8,32.9
Skardu,max_temp,1992,September,9,25.8
Skardu,max_temp,1992,October,10,21.5
Skardu,max_temp,1992,November,11,15.1
Skardu,max_temp,1992,December,12,9.0
Skardu,max_temp,1993,January,1,1.9
Skardu,max_temp,1993,February,2,7.9
Skardu,max_temp,1993,March,3,11.4
Skardu,max_temp,1993,April,4,20.7
Skardu,max_temp,1993,May,5,23.9
Skardu,max_temp,1993,June,6,27.9
Skardu,max_temp,1993,July,7,29.2
Skardu,max_temp,1993,August,8,30.3
Skardu,max_temp,1993,September,9,28.4
Skardu,max_temp,1993,October,10,21.8
Skardu,max_temp,1993,November,11,12.8
Skardu,max_temp,1993,December,12,9.8
Skardu,max_temp,1994,January,1,4.9
Skardu,max_temp,1994,February,2,5.8
Skardu,max_temp,1994,March,3,13.2
Skardu,max_temp,1994,April,4,17.0
Skardu,max_temp,1994,May,5,24.9
Skardu,max_temp,1994,June,6,29.8
Skardu,max_temp,1994,July,7,34.5
Skardu,max_temp,1994,August,8,33.1
Skardu,max_temp,1994,September,9,27.4
Skardu,max_temp,1994,October,10,21.2
Skardu,max_temp,1994,November,11,16.2
Skardu,max_temp,1994,December,12,5.1
Skardu,max_temp,1995,January,1,-2.7
Skardu,max_temp,1995,February,2,2.8
Skardu,max_temp,1995,March,3,11.0
Skardu,max_temp,1995,April,4,17.6
Skardu,max_temp,1995,May,5,25.0
Skardu,max_temp,1995,June,6,30.2
Skardu,max_temp,1995,July,7,31.6
Skardu,max_temp,1995,August,8,31.1
Skardu,max_temp,1995,September,9,27.2
Skardu,max_temp,1995,October,10,20.9
Skardu,max_temp,1995,November,11,16.0
Skardu,max_temp,1995,December,12,5.2
Skardu,max_temp,1996,January,1,1.1
Skardu,max_temp,1996,February,2,4.5
Skardu,max_temp,1996,March,3,11.9
Skardu,max_temp,1996,April,4,18.2
Skardu,max_temp,1996,May,5,18.5
Skardu,max_temp,1996,June,6,27.2
Skardu,max_temp,1996,July,7,30.5
Skardu,max_temp,1996,August,8,29.6
Skardu,max_temp,1996,September,9,29.4
Skardu,max_temp,1996,October,10,19.3
Skardu,max_temp,1996,November,11,15.1
Skardu,max_temp,1996,December,12,7.8
Skardu,max_temp,1997,January,1,5.3
Skardu,max_temp,1997,February,2,8.9
Skardu,max_temp,1997,March,3,13.2
Skardu,max_temp,1997,April,4,22.0
Skardu,max_temp,1997,May,5,23.9
Skardu,max_temp,1997,June,6,29.7
Skardu,max_temp,1997,July,7,35.8
Skardu,max_temp,1997,August,8,31.6
Skardu,max_temp,1997,September,9,28.6
Skardu,max_temp,1997,October,10,20.7
Skardu,max_temp,1997,November,11,13.0
Skardu,max_temp,1997,December,12,7.0
Skardu,max_temp,1998,January,1,2.4
Skardu,max_temp,1998,February,2,5.1
Skardu,max_temp,1998,March,3,11.9
Skardu,max_temp,1998,April,4,20.6
Skardu,max_temp,1998,May,5,23.6
Skardu,max_temp,1998,June,6,27.3
Skardu,max_temp,1998,July,7,33.8
Skardu,max_temp,1998,August,8,32.8
Skardu,max_temp,1998,September,9,29.2
Skardu,max_temp,1998,October,10,23.2
Skardu,max_temp,1998,November,11,17.5
Skardu,max_temp,1998,December,12,10.4
Skardu,max_temp,1999,January,1,5.2
Skardu,max_temp,1999,February,2,8.9
Skardu,max_temp,1999,March,3,12.2
Skardu,max_temp,1999,April,4,17.2
Skardu,max_temp,1999,May,5,24.4
Skardu,max_temp,1999,June,6,28.4
Skardu,max_temp,1999,July,7,31.3
Skardu,max_temp,1999,August,8,28.4
Skardu,max_temp,1999,September,9,27.7
Skardu,max_temp,1999,October,10,18.5
Skardu,max_temp,1999,November,11,12.8
Skardu,max_temp,1999,December,12,8.8
Skardu,max_temp,2000,January,1,1.8
Skardu,max_temp,2000,February,2,3.1
Skardu,max_temp,2000,March,3,11.9
Skardu,max_temp,2000,April,4,20.1
Skardu,max_temp,2000,May,5,27.5
Skardu,max_temp,2000,June,6,29.3
Skardu,max_temp,2000,July,7,30.3
Skardu,max_temp,2000,August,8,29.6
Skardu,max_temp,2000,September,9,26.9
Skardu,max_temp,2000,October,10,21.0
Skardu,max_temp,2000,November,11,13.3
Skardu,max_temp,2000,December,12,4.5
Skardu,max_temp,2001,January,1,3.2
Skardu,max_temp,2001,February,2,11.4
Skardu,max_temp,2001,March,3,16.6
Skardu,max_temp,2001,April,4,21.5
Skardu,max_temp,2001,May,5,29.1
Skardu,max_temp,2001,June,6,31.4
Skardu,max_temp,2001,July,7,34.3
Skardu,max_temp,2001,August,8,33.0
Skardu,max_temp,2001,September,9,26.7
Skardu,max_temp,2001,October,10,23.1
Skardu,max_temp,2001,November,11,13.5
Skardu,max_temp,2001,December,12,5.9
Skardu,max_temp,2002,January,1,5.2
Skardu,max_temp,2002,February,2,8.4
Skardu,max_temp,2002,March,3,15.2
Skardu,max_temp,2002,April,4,19.8
Skardu,max_temp,2002,May,5,25.2
Skardu,max_temp,2002,June,6,29.7
Skardu,max_temp,2002,July,7,31.4
Skardu,max_temp,2002,August,8,32.7
Skardu,max_temp,2002,September,9,25.5
Skardu,max_temp,2002,October,10,23.0
Skardu,max_temp,2002,November,11,16.5
Skardu,max_temp,2002,December,12,9.5
Skardu,max_temp,2003,January,1,8.7
Skardu,max_temp,2003,February,2,9.3
Skardu,max_temp,2003,March,3,12.9
Skardu,max_temp,2003,April,4,19.6
Skardu,max_temp,2003,May,5,21.6
Skardu,max_temp,2003,June,6,29.5
Skardu,max_temp,2003,July,7,33.3
Skardu,max_temp,2003,August,8,29.8
Skardu,max_temp,2003,September,9,26.4
Skardu,max_temp,2003,October,10,22.0
Skardu,max_temp,2003,November,11,14.7
Skardu,max_temp,2003,December,12,8.6
Skardu,max_temp,2004,January,1,6.3
Skardu,max_temp,2004,February,2,9.1
Skardu,max_temp,2004,March,3,17.8
Skardu,max_temp,2004,April,4,21.3
Skardu,max_temp,2004,May,5,25.7
Skardu,max_temp,2004,June,6,28.7
Skardu,max_temp,2004,July,7,31.5
Skardu,max_temp,2004,August,8,30.4
Skardu,max_temp,2004,September,9,30.1
Skardu,max_temp,2004,October,10,20.1
Skardu,max_temp,2004,November,11,15.9
Skardu,max_temp,2004,December,12,10.4
Skardu,max_temp,2005,January,1,2.8
Skardu,max_temp,2005,February,2,5.9
Skardu,max_temp,2005,March,3,12.5
Skardu,max_temp,2005,April,4,16.9
Skardu,max_temp,2005,May,5,21.4
Skardu,max_temp,2005,June,6,28.6
Skardu,max_temp,2005,July,7,29.9
Skardu,max_temp,2005,August,8,31.0
Skardu,max_temp,2005,September,9,28.5
Skardu,max_temp,2005,October,10,20.9
Skardu,max_temp,2005,November,11,13.1
Skardu,max_temp,2005,December,12,6.5
Skardu,max_temp,2006,January,1,2.1
Skardu,max_temp,2006,February,2,9.2
Skardu,max_temp,2006,March,3,13.9
Skardu,max_temp,2006,April,4,18.1
Skardu,max_temp,2006,May,5,27.2
Skardu,max_temp,2006,June,6,27.8
Skardu,max_temp,2006,July,7,33.1
Skardu,max_temp,2006,August,8,30.6
Skardu,max_temp,2006,September,9,26.8
Skardu,max_temp,2006,October,10,21.8
Skardu,max_temp,2006,November,11,13.8
Skardu,max_temp,2006,December,12,5.6
Skardu,max_temp,2007,January,1,6.4
Skardu,max_temp,2007,February,2,10.3
Skardu,max_temp,2007,March,3,12.6
Skardu,max_temp,2007,April,4,23.8
Skardu,max_temp,2007,May,5,26.9
Skardu,max_temp,2007,June,6,29.4
Skardu,max_temp,2007,July,7,31.1
Skardu,max_temp,2007,August,8,30.6
Skardu,max_temp,2007,September,9,27.1
Skardu,max_temp,2007,October,10,20.2
Skardu,max_temp,2007,November,11,15.2
Skardu,max_temp,2007,December,12,7.9
Skardu,max_temp,2008,January,1,2.8
Skardu,max_temp,2008,February,2,5.5
Skardu,max_temp,2008,March,3,16.6
Skardu,max_temp,2008,April,4,20.0
Skardu,max_temp,2008,May,5,26.1
Skardu,max_temp,2008,June,6,32.9
Skardu,max_temp,2008,July,7,32.2
Skardu,max_temp,2008,August,8,31.0
Skardu,max_temp,2008,September,9,24.5
Skardu,max_temp,2008,October,10,20.3
Skardu,max_temp,2008,November,11,14.1
Skardu,max_temp,2008,December,12,6.0
Skardu,max_temp,2009,January,1,3.1
Skardu,max_temp,2009,February,2,5.7
Skardu,max_temp,2009,March,3,12.3
Skardu,max_temp,2009,April,4,18.1
Skardu,max_temp,2009,May,5,24.2
Skardu,max_temp,2009,June,6,27.2
Skardu,max_temp,2009,July,7,30.5
Skardu,max_temp,2009,August,8,32.3
Skardu,max_temp,2009,September,9,27.1
Skardu,max_temp,2009,October,10,19.9
Skardu,max_temp,2009,November,11,11.7
Skardu,max_temp,2009,December,12,6.4
Skardu,max_temp,2010,January,1,7.2
Skardu,max_temp,2010,February,2,6.6
Skardu,max_temp,2010,March,3,15.1
Skardu,max_temp,2010,April,4,18.9
Skardu,max_temp,2010,May,5,21.5
Skardu,max_temp,2010,June,6,26.3
Skardu,max_temp,2010,July,7,29.0
Skardu,max_temp,2010,August,8,28.8
Skardu,max_temp,2010,September,9,26.1
Skardu,max_temp,2010,October,10,21.8
Skardu,max_temp,2010,November,11,15.6
Skardu,max_temp,2010,December,12,8.2
Skardu,max_temp,2011,January,1,4.7
Skardu,max_temp,2011,February,2,6.0464
Skardu,max_temp,2011,March,3,12.658
Skardu,max_temp,2011,April,4,19.577
Skardu,max_temp,2011,May,5,26.665
Skardu,max_temp,2011,June,6,30.457
Skardu,max_temp,2011,July,7,30.21
Skardu,max_temp,2011,August,8,31.239
Skardu,max_temp,2011,September,9,26.123
Skardu,max_temp,2011,October,10,20.752
Skardu,max_temp,2011,November,11,14.343
Skardu,max_temp,2011,December,12,8.5419
Skardu,max_temp,2012,January,1,3.5129
Skardu,max_temp,2012,February,2,5.9345
Skardu,max_temp,2012,March,3,10.942
Skardu,max_temp,2012,April,4,20.227
Skardu,max_temp,2012,May,5,22.942
Skardu,max_temp,2012,June,6,26.193
Skardu,max_temp,2012,July,7,31.429
Skardu,max_temp,2012,August,8,31.506
Skardu,max_temp,2012,September,9,24.177
Skardu,max_temp,2012,October,10,19.181
Skardu,max_temp,2012,November,11,14.19
Skardu,max_temp,2012,December,12,6.5355
Skardu,max_temp,2013,January,1,1.6065
Skardu,max_temp,2013,February,2,6.85
Skardu,max_temp,2013,March,3,16.274
Skardu,max_temp,2013,April,4,20.473
Skardu,max_temp,2013,May,5,22.152
Skardu,max_temp,2013,June,6,29.217
Skardu,max_temp,2013,July,7,33.329
Skardu,max_temp,2013,August,8,30.871
Skardu,max_temp,2013,September,9,28.05
Skardu,max_temp,2013,October,10,23.648
Skardu,max_temp,2013,November,11,13.437
Skardu,max_temp,2013,December,12,7.3355
Skardu,max_temp,2014,January,1,22.967
Skardu,max_temp,2014,February,2,25.304
Skardu,max_temp,2014,March,3,30.433
Skardu,max_temp,2014,April,4,38.5
Skardu,max_temp,2014,May,5,42.629
Skardu,max_temp,2014,June,6,44.91
Skardu,max_temp,2014,July,7,42.21
Skardu,max_temp,2014,August,8,40.55
Skardu,max_temp,2014,September,9,39.397
Skardu,max_temp,2014,October,10,36.529
Skardu,max_temp,2014,November,11,31.37
Skardu,max_temp,2014,December,12,24.317
Skardu,max_temp,2015,January,1,22.336
Skardu,max_temp,2015,February,2,26.536
Skardu,max_temp,2015,March,3,29.919
Skardu,max_temp,2015,April,4,40.268
Skardu,max_temp,2015,May,5,43.867
Skardu,max_temp,2015,June,6,42.475
Skardu,max_temp,2015,July,7,38.875
Skardu,max_temp,2015,August,8,39.267
Skardu,max_temp,2015,September,9,37.75
Skardu,max_temp,2015,October,10,21.3
Skardu,max_temp,2015,November,11,29.32
Skardu,max_temp,2015,December,12,24.19
Skardu,max_temp,2016,January,1,22.591
Skardu,max_temp,2016,February,2,28.036
Skardu,max_temp,2016,March,3,32.433
Skardu,max_temp,2016,April,4,39.65
Skardu,max_temp,2016,May,5,45.21
Skardu,max_temp,2016,June,6,44.379
Skardu,max_temp,2016,July,7,42.283
Skardu,max_temp,2016,August,8,39.25
Skardu,max_temp,2016,September,9,39.803
Skardu,max_temp,2016,October,10,37.984
Skardu,max_temp,2016,November,11,32.333
Skardu,max_temp,2016,December,12,27.637
Skardu,max_temp,2017,January,1,21.274
Skardu,max_temp,2017,February,2,27.911
Skardu,max_temp,2017,March,3,33.583
Skardu,max_temp,2017,April,4,42.467
Skardu,max_temp,2017,May,5,44.774
Skardu,max_temp,2017,June,6,43.276
Skardu,max_temp,2017,July,7,41.435
Skardu,max_temp,2017,August,8,40.161
Skardu,max_temp,2017,September,9,37.883
Skardu,max_temp,2017,October,10,38.1
Skardu,max_temp,2017,November,11,30.069
Skardu,max_temp,2017,December,12,24.117
Skardu,max_temp,2018,January,1,6.2
Skardu,max_temp,2018,February,2,10.2
Skardu,max_temp,2018,March,3,17.0
Skardu,max_temp,2018,April,4,22.2
Skardu,max_temp,2018,May,5,24.9
Skardu,max_temp,2018,June,6,28.7
Skardu,max_temp,2018,July,7,30.7
Skardu,max_temp,2018,August,8,32.3
Skardu,max_temp,2018,September,9,26.6
Skardu,max_temp,2018,October,10,18.5
Skardu,max_temp,2018,November,11,12.2
Skardu,max_temp,2018,December,12,6.2
Skardu,max_temp,2019,January,1,1.3
Skardu,max_temp,2019,February,2,4.7
Skardu,max_temp,2019,March,3,11.2
Skardu,max_temp,2019,April,4,21.5
Skardu,max_temp,2019,May,5,23.6
Skardu,max_temp,2019,June,6,25.0
Skardu,max_temp,2019,July,7,32.5
Skardu,max_temp,2019,August,8,29.4
Skardu,max_temp,2019,September,9,29.3
Skardu,max_temp,2019,October,10,19.0
Skardu,max_temp,2019,November,11,11.2
Skardu,max_temp,2019,December,12,2.4
Skardu,min_temp,1984,January,1,-7.3
Skardu,min_temp,1984,February,2,-4.5
Skardu,min_temp,1984,March,3,3.2
Skardu,min_temp,1984,April,4,6.5
Skardu,min_temp,1984,May,5,8.8
Skardu,min_temp,1984,June,6,13.6
Skardu,min_temp,1984,July,7,16.0
Skardu,min_temp,1984,August,8,18.4
Skardu,min_temp,1984,September,9,10.3
Skardu,min_temp,1984,October,10,3.3
Skardu,min_temp,1984,November,11,-2.6
Skardu,min_temp,1984,December,12,-5.7
Skardu,min_temp,1985,January,1,-7.6
Skardu,min_temp,1985,February,2,-5.4
Skardu,min_temp,1985,March,3,3.6
Skardu,min_temp,1985,April,4,7.7
Skardu,min_temp,1985,May,5,9.3
Skardu,min_temp,1985,June,6,12.3
Skardu,min_temp,1985,July,7,18.2
Skardu,min_temp,1985,August,8,17.2
Skardu,min_temp,1985,September,9,11.8
Skardu,min_temp,1985,October,10,3.7
Skardu,min_temp,1985,November,11,-1.7
Skardu,min_temp,1985,December,12,-5.7
Skardu,min_temp,1986,January,1,-14.6
Skardu,min_temp,1986,February,2,-5.6
Skardu,min_temp,1986,March,3,0.8
Skardu,min_temp,1986,April,4,6.0
Skardu,min_temp,1986,May,5,8.2
Skardu,min_temp,1986,June,6,11.8
Skardu,min_temp,1986,July,7,16.5
Skardu,min_temp,1986,August,8,14.8
Skardu,min_temp,1986,September,9,10.9
Skardu,min_temp,1986,October,10,3.2
Skardu,min_temp,1986,November,11,-0.8
Skardu,min_temp,1986,December,12,-4.7
Skardu,min_temp,1987,January,1,-10.9
Skardu,min_temp,1987,February,2,-2.5
Skardu,min_temp,1987,March,3,2.2
Skardu,min_temp,1987,April,4,6.1
Skardu,min_temp,1987,May,5,8.4
Skardu,min_temp,1987,June,6,11.3
Skardu,min_temp,1987,July,7,14.2
Skardu,min_temp,1987,August,8,16.1
Skardu,min_temp,1987,September,9,11.4
Skardu,min_temp,1987,October,10,4.8
Skardu,min_temp,1987,November,11,-2.3
Skardu,min_temp,1987,December,12,-5.3
Skardu,min_temp,1988,January,1,-3.3
Skardu,min_temp,1988,February,2,-2.7
Skardu,min_temp,1988,March,3,1.4
Skardu,min_temp,1988,April,4,6.5
Skardu,min_temp,1988,May,5,9.6
Skardu,min_temp,1988,June,6,11.6
Skardu,min_temp,1988,July,7,15.6
Skardu,min_temp,1988,August,8,14.7
Skardu,min_temp,1988,September,9,11.2
Skardu,min_temp,1988,October,10,3.5
Skardu,min_temp,1988,November,11,-3.0
Skardu,min_temp,1988,December,12,-4.9
Skardu,min_temp,1989,January,1,-7.1
Skardu,min_temp,1989,February,2,-3.7
Skardu,min_temp,1989,March,3,1.7
Skardu,min_temp,1989,April,4,5.3
Skardu,min_temp,1989,May,5,8.9
Skardu,min_temp,1989,June,6,11.9
Skardu,min_temp,1989,July,7,14.7
Skardu,min_temp,1989,August,8,13.9
Skardu,min_temp,1989,September,9,11.1
Skardu,min_temp,1989,October,10,3.5
Skardu,min_temp,1989,November,11,-1.1
Skardu,min_temp,1989,December,12,-3.9
Skardu,min_temp,1990,January,1,-3.1
Skardu,min_temp,1990,February,2,-3.7
Skardu,min_temp,1990,March,3,0.8
Skardu,min_temp,1990,April,4,5.6
Skardu,min_temp,1990,May,5,11.0
Skardu,min_temp,1990,June,6,14.8
Skardu,min_temp,1990,July,7,16.8
Skardu,min_temp,1990,August,8,16.9
Skardu,min_temp,1990,September,9,13.0
Skardu,min_temp,1990,October,10,3.8
Skardu,min_temp,1990,November,11,-2.4
Skardu,min_temp,1990,December,12,-4.2
Skardu,min_temp,1991,January,1,-9.4
Skardu,min_temp,1991,February,2,-3.1
Skardu,min_temp,1991,March,3,1.6
Skardu,min_temp,1991,April,4,6.5
Skardu,min_temp,1991,May,5,9.2
Skardu,min_temp,1991,June,6,12.9
Skardu,min_temp,1991,July,7,16.0
Skardu,min_temp,1991,August,8,14.6
Skardu,min_temp,1991,September,9,12.2
Skardu,min_temp,1991,October,10,2.9
Skardu,min_temp,1991,November,11,-3.5
Skardu,min_temp,1991,December,12,-2.6
Skardu,min_temp,1992,January,1,-6.8
Skardu,min_temp,1992,February,2,-5.3
Skardu,min_temp,1992,March,3,1.2
Skardu,min_temp,1992,April,4,6.7
Skardu,min_temp,1992,May,5,9.7
Skardu,min_temp,1992,June,6,13.5
Skardu,min_temp,1992,July,7,16.5
Skardu,min_temp,1992,August,8,16.0
Skardu,min_temp,1992,September,9,11.0
Skardu,min_temp,1992,October,10,4.0
Skardu,min_temp,1992,November,11,-2.1
Skardu,min_temp,1992,December,12,-4.3
Skardu,min_temp,1993,January,1,-9.8
Skardu,min_temp,1993,February,2,-2.1
Skardu,min_temp,1993,March,3,0.9
Skardu,min_temp,1993,April,4,7.1
Skardu,min_temp,1993,May,5,9.8
Skardu,min_temp,1993,June,6,12.0
Skardu,min_temp,1993,July,7,14.6
Skardu,min_temp,1993,August,8,13.4
Skardu,min_temp,1993,September,9,10.1
Skardu,min_temp,1993,October,10,2.1
Skardu,min_temp,1993,November,11,-1.6
Skardu,min_temp,1993,December,12,-5.3
Skardu,min_temp,1994,January,1,-4.8
Skardu,min_temp,1994,February,2,-3.0
Skardu,min_temp,1994,March,3,2.2
Skardu,min_temp,1994,April,4,4.8
Skardu,min_temp,1994,May,5,10.8
Skardu,min_temp,1994,June,6,13.5
Skardu,min_temp,1994,July,7,17.8
Skardu,min_temp,1994,August,8,17.3
Skardu,min_temp,1994,September,9,10.4
Skardu,min_temp,1994,October,10,3.4
Skardu,min_temp,1994,November,11,-2.4
Skardu,min_temp,1994,December,12,-5.5
Skardu,min_temp,1995,January,1,-17.9
Skardu,min_temp,1995,February,2,-9.0
Skardu,min_temp,1995,March,3,0.3
Skardu,min_temp,1995,April,4,6.2
Skardu,min_temp,1995,May,5,10.1
Skardu,min_temp,1995,June,6,12.9
Skardu,min_temp,1995,July,7,16.1
Skardu,min_temp,1995,August,8,15.2
Skardu,min_temp,1995,September,9,10.3
Skardu,min_temp,1995,October,10,4.6
Skardu,min_temp,1995,November,11,-3.0
Skardu,min_temp,1995,December,12,-4.7
Skardu,min_temp,1996,January,1,-10.0
Skardu,min_temp,1996,February,2,-5.9
Skardu,min_temp,1996,March,3,2.5
Skardu,min_temp,1996,April,4,5.7
Skardu,min_temp,1996,May,5,7.5
Skardu,min_temp,1996,June,6,13.0
Skardu,min_temp,1996,July,7,14.5
Skardu,min_temp,1996,August,8,15.6
Skardu,min_temp,1996,September,9,11.3
Skardu,min_temp,1996,October,10,3.1
Skardu,min_temp,1996,November,11,-2.3
Skardu,min_temp,1996,December,12,-8.2
Skardu,min_temp,1997,January,1,-7.9
Skardu,min_temp,1997,February,2,-4.0
Skardu,min_temp,1997,March,3,2.2
Skardu,min_temp,1997,April,4,8.5
Skardu,min_temp,1997,May,5,10.3
Skardu,min_temp,1997,June,6,14.1
Skardu,min_temp,1997,July,7,16.3
Skardu,min_temp,1997,August,8,14.2
Skardu,min_temp,1997,September,9,10.7
Skardu,min_temp,1997,October,10,5.0
Skardu,min_temp,1997,November,11,-1.0
Skardu,min_temp,1997,December,12,-2.7
Skardu,min_temp,1998,January,1,-8.9
Skardu,min_temp,1998,February,2,-4.0
Skardu,min_temp,1998,March,3,1.4
Skardu,min_temp,1998,April,4,7.4
Skardu,min_temp,1998,May,5,9.8
Skardu,min_temp,1998,June,6,12.9
Skardu,min_temp,1998,July,7,17.1
Skardu,min_temp,1998,August,8,16.0
Skardu,min_temp,1998,September,9,12.6
Skardu,min_temp,1998,October,10,5.6
Skardu,min_temp,1998,November,11,-2.9
Skardu,min_temp,1998,December,12,-6.4
Skardu,min_temp,1999,January,1,-4.0
Skardu,min_temp,1999,February,2,-1.0
Skardu,min_temp,1999,March,3,2.1
Skardu,min_temp,1999,April,4,6.0
Skardu,min_temp,1999,May,5,10.1
Skardu,min_temp,1999,June,6,11.5
Skardu,min_temp,1999,July,7,15.1
Skardu,min_temp,1999,August,8,14.4
Skardu,min_temp,1999,September,9,11.1
Skardu,min_temp,1999,October,10,2.2
Skardu,min_temp,1999,November,11,-1.1
Skardu,min_temp,1999,December,12,-8.6
Skardu,min_temp,2000,January,1,-8.9
Skardu,min_temp,2000,February,2,-7.2
Skardu,min_temp,2000,March,3,0.5
Skardu,min_temp,2000,April,4,6.9
Skardu,min_temp,2000,May,5,11.6
Skardu,min_temp,2000,June,6,14.5
Skardu,min_temp,2000,July,7,16.9
Skardu,min_temp,2000,August,8,15.1
Skardu,min_temp,2000,September,9,11.3
Skardu,min_temp,2000,October,10,4.7
Skardu,min_temp,2000,November,11,-0.5
Skardu,min_temp,2000,December,12,-5.7
Skardu,min_temp,2001,January,1,-9.4
Skardu,min_temp,2001,February,2,-2.6
Skardu,min_temp,2001,March,3,1.1
Skardu,min_temp,2001,April,4,7.7
Skardu,min_temp,2001,May,5,11.8
Skardu,min_temp,2001,June,6,14.9
Skardu,min_temp,2001,July,7,19.0
Skardu,min_temp,2001,August,8,16.7
Skardu,min_temp,2001,September,9,9.8
Skardu,min_temp,2001,October,10,4.4
Skardu,min_temp,2001,November,11,-2.1
Skardu,min_temp,2001,December,12,-5.0
Skardu,min_temp,2002,January,1,-9.3
Skardu,min_temp,2002,February,2,-3.9
Skardu,min_temp,2002,March,3,1.3
Skardu,min_temp,2002,April,4,6.5
Skardu,min_temp,2002,May,5,9.4
Skardu,min_temp,2002,June,6,13.5
Skardu,min_temp,2002,July,7,16.6
Skardu,min_temp,2002,August,8,17.8
Skardu,min_temp,2002,September,9,9.6
Skardu,min_temp,2002,October,10,4.4
Skardu,min_temp,2002,November,11,-1.7
Skardu,min_temp,2002,December,12,-2.8
Skardu,min_temp,2003,January,1,-6.6
Skardu,min_temp,2003,February,2,-2.6
Skardu,min_temp,2003,March,3,1.6
Skardu,min_temp,2003,April,4,6.3
Skardu,min_temp,2003,May,5,7.6
Skardu,min_temp,2003,June,6,13.0
Skardu,min_temp,2003,July,7,17.5
Skardu,min_temp,2003,August,8,16.4
Skardu,min_temp,2003,September,9,11.4
Skardu,min_temp,2003,October,10,2.4
Skardu,min_temp,2003,November,11,-1.9
Skardu,min_temp,2003,December,12,-3.9
Skardu,min_temp,2004,January,1,-4.2
Skardu,min_temp,2004,February,2,-3.5
Skardu,min_temp,2004,March,3,3.1
Skardu,min_temp,2004,April,4,7.1
Skardu,min_temp,2004,May,5,9.7
Skardu,min_temp,2004,June,6,13.8
Skardu,min_temp,2004,July,7,15.4
Skardu,min_temp,2004,August,8,14.4
Skardu,min_temp,2004,September,9,11.0
Skardu,min_temp,2004,October,10,3.6
Skardu,min_temp,2004,November,11,-1.8
Skardu,min_temp,2004,December,12,-3.5
Skardu,min_temp,2005,January,1,-8.2
Skardu,min_temp,2005,February,2,-4.9
Skardu,min_temp,2005,March,3,2.4
Skardu,min_temp,2005,April,4,4.3
Skardu,min_temp,2005,May,5,8.1
Skardu,min_temp,2005,June,6,11.9
Skardu,min_temp,2005,July,7,14.6
Skardu,min_temp,2005,August,8,14.7
Skardu,min_temp,2005,September,9,10.4
Skardu,min_temp,2005,October,10,2.4
Skardu,min_temp,2005,November,11,-3.6
Skardu,min_temp,2005,December,12,-8.9
Skardu,min_temp,2006,January,1,-8.7
Skardu,min_temp,2006,February,2,-0.6
Skardu,min_temp,2006,March,3,1.5
Skardu,min_temp,2006,April,4,4.8
Skardu,min_temp,2006,May,5,10.8
Skardu,min_temp,2006,June,6,11.3
Skardu,min_temp,2006,July,7,15.5
Skardu,min_temp,2006,August,8,15.7
Skardu,min_temp,2006,September,9,9.7
Skardu,min_temp,2006,October,10,3.9
Skardu,min_temp,2006,November,11,-2.0
Skardu,min_temp,2006,December,12,-4.4
Skardu,min_temp,2007,January,1,-9.1
Skardu,min_temp,2007,February,2,-2.1
Skardu,min_temp,2007,March,3,-0.3
Skardu,min_temp,2007,April,4,6.9
Skardu,min_temp,2007,May,5,10.3
Skardu,min_temp,2007,June,6,12.5
Skardu,min_temp,2007,July,7,15.2
Skardu,min_temp,2007,August,8,15.2
Skardu,min_temp,2007,September,9,10.8
Skardu,min_temp,2007,October,10,1.6
Skardu,min_temp,2007,November,11,-4.7
Skardu,min_temp,2007,December,12,-7.9
Skardu,min_temp,2008,January,1,-7.3
Skardu,min_temp,2008,February,2,-5.9
Skardu,min_temp,2008,March,3,1.7
Skardu,min_temp,2008,April,4,6.0
Skardu,min_temp,2008,May,5,9.4
Skardu,min_temp,2008,June,6,15.3
Skardu,min_temp,2008,July,7,15.3
Skardu,min_temp,2008,August,8,14.8
Skardu,min_temp,2008,September,9,8.5
Skardu,min_temp,2008,October,10,3.8
Skardu,min_temp,2008,November,11,-3.2
Skardu,min_temp,2008,December,12,-7.0
Skardu,min_temp,2009,January,1,-8.5
Skardu,min_temp,2009,February,2,-5.7
Skardu,min_temp,2009,March,3,0.2
Skardu,min_temp,2009,April,4,6.1
Skardu,min_temp,2009,May,5,7.8
Skardu,min_temp,2009,June,6,10.9
Skardu,min_temp,2009,July,7,13.7
Skardu,min_temp,2009,August,8,13.5
Skardu,min_temp,2009,September,9,8.3
Skardu,min_temp,2009,October,10,2.6
Skardu,min_temp,2009,November,11,-3.8
Skardu,min_temp,2009,December,12,-4.5
Skardu,min_temp,2010,January,1,-6.9
Skardu,min_temp,2010,February,2,-2.3
Skardu,min_temp,2010,March,3,3.3
Skardu,min_temp,2010,April,4,7.3
Skardu,min_temp,2010,May,5,9.1
Skardu,min_temp,2010,June,6,11.2
Skardu,min_temp,2010,July,7,13.6
Skardu,min_temp,2010,August,8,15.1
Skardu,min_temp,2010,September,9,10.3
Skardu,min_temp,2010,October,10,2.6
Skardu,min_temp,2010,November,11,-4.2
Skardu,min_temp,2010,December,12,-9.4
Skardu,min_temp,2011,January,1,-8.8645
Skardu,min_temp,2011,February,2,-3.6036
Skardu,min_temp,2011,March,3,1.0419
Skardu,min_temp,2011,April,4,5.7
Skardu,min_temp,2011,May,5,9.7613
Skardu,min_temp,2011,June,6,13.903
Skardu,min_temp,2011,July,7,15.026
Skardu,min_temp,2011,August,8,14.79
Skardu,min_temp,2011,September,9,11.273
Skardu,min_temp,2011,October,10,4.0677
Skardu,min_temp,2011,November,11,-1.2433
Skardu,min_temp,2011,December,12,-6.9323
Skardu,min_temp,2012,January,1,-9.5806
Skardu,min_temp,2012,February,2,-3.7241
Skardu,min_temp,2012,March,3,0.85484
Skardu,min_temp,2012,April,4,7.2967
Skardu,min_temp,2012,May,5,8.7
Skardu,min_temp,2012,June,6,11.417
Skardu,min_temp,2012,July,7,15.355
Skardu,min_temp,2012,August,8,15.871
Skardu,min_temp,2012,September,9,11.073
Skardu,min_temp,2012,October,10,2.3516
Skardu,min_temp,2012,November,11,-3.6433
Skardu,min_temp,2012,December,12,-7.1839
Skardu,min_temp,2013,January,1,-12.594
Skardu,min_temp,2013,February,2,-3.8857
Skardu,min_temp,2013,March,3,3.1419
Skardu,min_temp,2013,April,4,6.9067
Skardu,min_temp,2013,May,5,8.5323
Skardu,min_temp,2013,June,6,13.627
Skardu,min_temp,2013,July,7,15.906
Skardu,min_temp,2013,August,8,15.442
Skardu,min_temp,2013,September,9,9.6033
Skardu,min_temp,2013,October,10,4.4323
Skardu,min_temp,2013,November,11,-4.0667
Skardu,min_temp,2013,December,12,-6.829
Skardu,min_temp,2014,January,1,6.4655
Skardu,min_temp,2014,February,2,9.9821
Skardu,min_temp,2014,March,3,14.833
Skardu,min_temp,2014,April,4,20.948
Skardu,min_temp,2014,May,5,25.483
Skardu,min_temp,2014,June,6,29.172
Skardu,min_temp,2014,July,7,28.9
Skardu,min_temp,2014,August,8,26.69
Skardu,min_temp,2014,September,9,25.518
Skardu,min_temp,2014,October,10,20.897
Skardu,min_temp,2014,November,11,14.667
Skardu,min_temp,2014,December,12,8.0
Skardu,min_temp,2015,January,1,7.0167
Skardu,min_temp,2015,February,2,12.648
Skardu,min_temp,2015,March,3,15.145
Skardu,min_temp,2015,April,4,22.917
Skardu,min_temp,2015,May,5,27.586
Skardu,min_temp,2015,June,6,28.534
Skardu,min_temp,2015,July,7,28.82
Skardu,min_temp,2015,August,8,27.713
Skardu,min_temp,2015,September,9,25.217
Skardu,min_temp,2015,October,10,36.333
Skardu,min_temp,2015,November,11,14.111
Skardu,min_temp,2015,December,12,7.7963
Skardu,min_temp,2016,January,1,9.0923
Skardu,min_temp,2016,February,2,10.155
Skardu,min_temp,2016,March,3,16.719
Skardu,min_temp,2016,April,4,22.067
Skardu,min_temp,2016,May,5,28.016
Skardu,min_temp,2016,June,6,28.867
Skardu,min_temp,2016,July,7,29.503
Skardu,min_temp,2016,August,8,28.032
Skardu,min_temp,2016,September,9,26.067
Skardu,min_temp,2016,October,10,21.117
Skardu,min_temp,2016,November,11,14.067
Skardu,min_temp,2016,December,12,10.661
Skardu,min_temp,2017,January,1,8.2097
Skardu,min_temp,2017,February,2,10.429
Skardu,min_temp,2017,March,3,16.097
Skardu,min_temp,2017,April,4,22.65
Skardu,min_temp,2017,May,5,27.968
Skardu,min_temp,2017,June,6,29.586
Skardu,min_temp,2017,July,7,37.548
Skardu,min_temp,2017,August,8,28.516
Skardu,min_temp,2017,September,9,25.724
Skardu,min_temp,2017,October,10,19.86
Skardu,min_temp,2017,November,11,13.963
Skardu,min_temp,2017,December,12,7.8767
Skardu,min_temp,2018,January,1,-8.0
Skardu,min_temp,2018,February,2,-3.8
Skardu,min_temp,2018,March,3,1.7
Skardu,min_temp,2018,April,4,6.3
Skardu,min_temp,2018,May,5,9.5
Skardu,min_temp,2018,June,6,13.0
Skardu,min_temp,2018,July,7,15.7
Skardu,min_temp,2018,August,8,15.1
Skardu,min_temp,2018,September,9,10.6
Skardu,min_temp,2018,October,10,1.8
Skardu,min_temp,2018,November,11,-2.9
Skardu,min_temp,2018,December,12,-9.0
Skardu,min_temp,2019,January,1,-10.8
Skardu,min_temp,2019,February,2,-6.5
Skardu,min_temp,2019,March,3,0.0
Skardu,min_temp,2019,April,4,7.6
Skardu,min_temp,2019,May,5,8.6
Skardu,min_temp,2019,June,6,10.9
Skardu,min_temp,2019,July,7,15.2
Skardu,min_temp,2019,August,8,14.5
Skardu,min_temp,2019,September,9,11.0
Skardu,min_temp,2019,October,10,3.8
Skardu,min_temp,2019,November,11,0.9
Skardu,min_temp,2019,December,12,-10.7
Skardu,min_temp,1984,January,1,3.6
Skardu,min_temp,1984,February,2,4.7
Skardu,min_temp,1984,March,3,17.8
Skardu,min_temp,1984,April,4,27.0
Skardu,min_temp,1984,May,5,74.8
Skardu,min_temp,1984,June,6,1.3
Skardu,min_temp,1984,July,7,12.7
Skardu,min_temp,1984,August,8,5.2
Skardu,min_temp,1984,September,9,4.2
Skardu,min_temp,1984,October,10,0.0
Skardu,min_temp,1984,November,11,2.1
Skardu,min_temp,1984,December,12,12.4
Skardu,min_temp,1985,January,1,27.6
Skardu,min_temp,1985,February,2,4.8
Skardu,min_temp,1985,March,3,7.9
Skardu,min_temp,1985,April,4,0.8
Skardu,min_temp,1985,May,5,28.9
Skardu,min_temp,1985,June,6,0.8
Skardu,min_temp,1985,July,7,3.1
Skardu,min_temp,1985,August,8,18.1
Skardu,min_temp,1985,September,9,0.0
Skardu,min_temp,1985,October,10,5.9
Skardu,min_temp,1985,November,11,0.0
Skardu,min_temp,1985,December,12,52.5
Skardu,min_temp,1986,January,1,0.0
Skardu,min_temp,1986,February,2,25.9
Skardu,min_temp,1986,March,3,66.4
Skardu,min_temp,1986,April,4,25.8
Skardu,min_temp,1986,May,5,4.1
Skardu,min_temp,1986,June,6,18.0
Skardu,min_temp,1986,July,7,8.9
Skardu,min_temp,1986,August,8,9.7
Skardu,min_temp,1986,September,9,0.8
Skardu,min_temp,1986,November,11,66.2
Skardu,min_temp,1986,December,12,12.4
Skardu,min_temp,1987,January,1,10.1
Skardu,min_temp,1987,February,2,26.2
Skardu,min_temp,1987,March,3,14.8
Skardu,min_temp,1987,April,4,66.7
Skardu,min_temp,1987,May,5,30.1
Skardu,min_temp,1987,June,6,33.3
Skardu,min_temp,1987,July,7,0.0
Skardu,min_temp,1987,August,8,0.0
Skardu,min_temp,1987,September,9,0.0
Skardu,min_temp,1987,October,10,114.5
Skardu,min_temp,1987,November,11,0.0
Skardu,min_temp,1987,December,12,0.8
Skardu,min_temp,1988,January,1,55.0
Skardu,min_temp,1988,February,2,32.6
Skardu,min_temp,1988,March,3,96.0
Skardu,min_temp,1988,April,4,14.7
Skardu,min_temp,1988,May,5,2.6
Skardu,min_temp,1988,June,6,24.5
Skardu,min_temp,1988,July,7,13.6
Skardu,min_temp,1988,August,8,8.4
Skardu,min_temp,1988,September,9,35.4
Skardu,min_temp,1988,October,10,2.5
Skardu,min_temp,1988,November,11,0.0
Skardu,min_temp,1988,December,12,27.6
Skardu,min_temp,1989,January,1,5.7
Skardu,min_temp,1989,February,2,16.8
Skardu,min_temp,1989,March,3,19.6
Skardu,min_temp,1989,April,4,15.2
Skardu,min_temp,1989,May,5,46.5
Skardu,min_temp,1989,June,6,3.0
Skardu,min_temp,1989,July,7,12.7
Skardu,min_temp,1989,August,8,15.6
Skardu,min_temp,1989,September,9,0.0
Skardu,min_temp,1989,October,10,11.5
Skardu,min_temp,1989,November,11,9.4
Skardu,min_temp,1989,December,12,2.9
Skardu,min_temp,1990,January,1,40.0
Skardu,min_temp,1990,February,2,45.2
Skardu,min_temp,1990,March,3,59.1
Skardu,min_temp,1990,April,4,31.2
Skardu,min_temp,1990,May,5,7.6
Skardu,min_temp,1990,June,6,0.0
Skardu,min_temp,1990,July,7,25.9
Skardu,min_temp,1990,August,8,6.8
Skardu,min_temp,1990,September,9,8.3
Skardu,min_temp,1990,October,10,3.0
Skardu,min_temp,1990,November,11,1.0
Skardu,min_temp,1990,December,12,44.4
Skardu,min_temp,1991,January,1,40.3
Skardu,min_temp,1991,February,2,21.1
Skardu,min_temp,1991,March,3,43.8
Skardu,min_temp,1991,April,4,14.5
Skardu,min_temp,1991,May,5,31.1
Skardu,min_temp,1991,June,6,0.8
Skardu,min_temp,1991,July,7,1.0
Skardu,min_temp,1991,August,8,3.8
Skardu,min_temp,1991,September,9,1.1
Skardu,min_temp,1991,October,10,0.0
Skardu,min_temp,1991,November,11,1.3
Skardu,min_temp,1991,December,12,6.5
Skardu,min_temp,1992,January,1,35.0
Skardu,min_temp,1992,February,2,36.2
Skardu,min_temp,1992,March,3,57.0
Skardu,min_temp,1992,April,4,10.0
Skardu,min_temp,1992,May,5,0.5
Skardu,min_temp,1992,June,6,0.0
Skardu,min_temp,1992,July,7,3.3
Skardu,min_temp,1992,August,8,8.1
Skardu,min_temp,1992,September,9,83.2
Skardu,min_temp,1992,October,10,4.6
Skardu,min_temp,1992,November,11,2.2
Skardu,min_temp,1992,December,12,8.3
Skardu,min_temp,1993,January,1,35.4
Skardu,min_temp,1993,February,2,13.9
Skardu,min_temp,1993,March,3,57.9
Skardu,min_temp,1993,April,4,0.0
Skardu,min_temp,1993,May,5,29.9
Skardu,min_temp,1993,June,6,11.7
Skardu,min_temp,1993,July,7,21.9
Skardu,min_temp,1993,August,8,0.0
Skardu,min_temp,1993,September,9,6.2
Skardu,min_temp,1993,October,10,0.0
Skardu,min_temp,1993,November,11,43.7
Skardu,min_temp,1993,December,12,0.0
Skardu,min_temp,1994,January,1,40.0
Skardu,min_temp,1994,February,2,38.4
Skardu,min_temp,1994,March,3,72.6
Skardu,min_temp,1994,April,4,34.8
Skardu,min_temp,1994,May,5,7.9
Skardu,min_temp,1994,June,6,1.2
Skardu,min_temp,1994,July,7,3.6
Skardu,min_temp,1994,August,8,13.1
Skardu,min_temp,1994,September,9,11.2
Skardu,min_temp,1994,October,10,0.0
Skardu,min_temp,1994,November,11,0.0
Skardu,min_temp,1994,December,12,86.1
Skardu,min_temp,1995,January,1,16.0
Skardu,min_temp,1995,February,2,39.8
Skardu,min_temp,1995,March,3,2.8
Skardu,min_temp,1995,April,4,17.8
Skardu,min_temp,1995,May,5,14.7
Skardu,min_temp,1995,June,6,7.5
Skardu,min_temp,1995,July,7,49.0
Skardu,min_temp,1995,August,8,12.8
Skardu,min_temp,1995,September,9,5.0
Skardu,min_temp,1995,October,10,0.0
Skardu,min_temp,1995,November,11,0.0
Skardu,min_temp,1995,December,12,12.4
Skardu,min_temp,1996,January,1,3.5
Skardu,min_temp,1996,February,2,67.0
Skardu,min_temp,1996,March,3,80.8
Skardu,min_temp,1996,April,4,64.3
Skardu,min_temp,1996,May,5,74.1
Skardu,min_temp,1996,June,6,32.3
Skardu,min_temp,1996,July,7,5.9
Skardu,min_temp,1996,August,8,38.0
Skardu,min_temp,1996,September,9,0.0
Skardu,min_temp,1996,October,10,8.8
Skardu,min_temp,1996,November,11,0.3
Skardu,min_temp,1996,December,12,17.6
Skardu,min_temp,1997,January,1,4.2
Skardu,min_temp,1997,February,2,10.4
Skardu,min_temp,1997,March,3,27.5
Skardu,min_temp,1997,April,4,1.1
Skardu,min_temp,1997,May,5,7.7
Skardu,min_temp,1997,June,6,16.8
Skardu,min_temp,1997,July,7,7.7
Skardu,min_temp,1997,August,8,61.5
Skardu,min_temp,1997,September,9,9.4
Skardu,min_temp,1997,October,10,0.0
Skardu,min_temp,1997,November,11,6.0
Skardu,min_temp,1997,December,12,9.8
Skardu,min_temp,1998,January,1,17.0
Skardu,min_temp,1998,February,2,43.9
Skardu,min_temp,1998,March,3,30.8
Skardu,min_temp,1998,April,4,48.7
Skardu,min_temp,1998,May,5,61.8
Skardu,min_temp,1998,June,6,5.6
Skardu,min_temp,1998,July,7,1.0
Skardu,min_temp,1998,August,8,2.3
Skardu,min_temp,1998,September,9,18.9
Skardu,min_temp,1998,October,10,4.9
Skardu,min_temp,1998,November,11,0.0
Skardu,min_temp,1998,December,12,17.9
Skardu,min_temp,1999,January,1,2.3
Skardu,min_temp,1999,February,2,41.0
Skardu,min_temp,1999,March,3,12.1
Skardu,min_temp,1999,April,4,87.3
Skardu,min_temp,1999,May,5,35.2
Skardu,min_temp,1999,June,6,1.9
Skardu,min_temp,1999,July,7,9.9
Skardu,min_temp,1999,August,8,22.9
Skardu,min_temp,1999,September,9,0.7
Skardu,min_temp,1999,October,10,0.3
Skardu,min_temp,1999,November,11,9.6
Skardu,min_temp,1999,December,12,0.0
Skardu,min_temp,2000,January,1,20.0
Skardu,min_temp,2000,February,2,6.9
Skardu,min_temp,2000,March,3,8.5
Skardu,min_temp,2000,April,4,11.1
Skardu,min_temp,2000,May,5,6.7
Skardu,min_temp,2000,June,6,11.3
Skardu,min_temp,2000,July,7,21.0
Skardu,min_temp,2000,August,8,19.6
Skardu,min_temp,2000,September,9,8.0
Skardu,min_temp,2000,October,10,0.0
Skardu,min_temp,2000,November,11,0.0
Skardu,min_temp,2000,December,12,32.5
Skardu,min_temp,2001,January,1,0.0
Skardu,min_temp,2001,February,2,4.2
Skardu,min_temp,2001,March,3,6.4
Skardu,min_temp,2001,April,4,3.3
Skardu,min_temp,2001,May,5,3.8
Skardu,min_temp,2001,June,6,13.1
Skardu,min_temp,2001,July,7,12.0
Skardu,min_temp,2001,August,8,9.0
Skardu,min_temp,2001,September,9,10.5
Skardu,min_temp,2001,October,10,8.3
Skardu,min_temp,2001,November,11,12.3
Skardu,min_temp,2001,December,12,32.7
Skardu,min_temp,2002,January,1,4.0
Skardu,min_temp,2002,February,2,20.7
Skardu,min_temp,2002,March,3,24.6
Skardu,min_temp,2002,April,4,36.2
Skardu,min_temp,2002,May,5,8.4
Skardu,min_temp,2002,June,6,15.8
Skardu,min_temp,2002,July,7,5.1
Skardu,min_temp,2002,August,8,18.3
Skardu,min_temp,2002,September,9,5.0
Skardu,min_temp,2002,October,10,0.0
Skardu,min_temp,2002,November,11,0.0
Skardu,min_temp,2002,December,12,2.3
Skardu,min_temp,2003,January,1,0.0
Skardu,min_temp,2003,February,2,22.6
Skardu,min_temp,2003,March,3,38.4
Skardu,min_temp,2003,April,4,46.3
Skardu,min_temp,2003,May,5,101.0
Skardu,min_temp,2003,June,6,2.8
Skardu,min_temp,2003,July,7,6.4
Skardu,min_temp,2003,August,8,12.1
Skardu,min_temp,2003,September,9,22.7
Skardu,min_temp,2003,October,10,2.0
Skardu,min_temp,2003,November,11,0.0
Skardu,min_temp,2003,December,12,8.3
Skardu,min_temp,2004,January,1,10.0
Skardu,min_temp,2004,February,2,18.6
Skardu,min_temp,2004,March,3,17.5
Skardu,min_temp,2004,April,4,28.9
Skardu,min_temp,2004,May,5,5.4
Skardu,min_temp,2004,June,6,9.8
Skardu,min_temp,2004,July,7,3.4
Skardu,min_temp,2004,August,8,15.6
Skardu,min_temp,2004,September,9,4.0
Skardu,min_temp,2004,October,10,3.5
Skardu,min_temp,2004,November,11,1.9
Skardu,min_temp,2004,December,12,22.6
Skardu,min_temp,2005,January,1,4.5
Skardu,min_temp,2005,February,2,46.0
Skardu,min_temp,2005,March,3,13.5
Skardu,min_temp,2005,April,4,59.0
Skardu,min_temp,2005,May,5,43.5
Skardu,min_temp,2005,June,6,3.5
Skardu,min_temp,2005,July,7,22.7
Skardu,min_temp,2005,August,8,1.4
Skardu,min_temp,2005,September,9,2.9
Skardu,min_temp,2005,October,10,0.3
Skardu,min_temp,2005,November,11,0.6
Skardu,min_temp,2005,December,12,8.1
Skardu,min_temp,2006,January,1,9.0
Skardu,min_temp,2006,February,2,55.6
Skardu,min_temp,2006,March,3,16.7
Skardu,min_temp,2006,April,4,145.2
Skardu,min_temp,2006,May,5,2.1
Skardu,min_temp,2006,June,6,4.5
Skardu,min_temp,2006,July,7,8.2
Skardu,min_temp,2006,August,8,14.6
Skardu,min_temp,2006,September,9,17.7
Skardu,min_temp,2006,October,10,2.6
Skardu,min_temp,2006,November,11,1.0
Skardu,min_temp,2006,December,12,19.4
Skardu,min_temp,2007,January,1,0.0
Skardu,min_temp,2007,February,2,4.8
Skardu,min_temp,2007,March,3,55.6
Skardu,min_temp,2007,April,4,3.0
Skardu,min_temp,2007,May,5,0.0
Skardu,min_temp,2007,June,6,21.4
Skardu,min_temp,2007,July,7,12.1
Skardu,min_temp,2007,August,8,4.7
Skardu,min_temp,2007,September,9,4.4
Skardu,min_temp,2007,October,10,0.0
Skardu,min_temp,2007,November,11,0.0
Skardu,min_temp,2007,December,12,0.0
Skardu,min_temp,2008,January,1,34.7
Skardu,min_temp,2008,February,2,21.4
Skardu,min_temp,2008,March,3,7.4
Skardu,min_temp,2008,April,4,39.8
Skardu,min_temp,2008,May,5,3.9
Skardu,min_temp,2008,June,6,13.4
Skardu,min_temp,2008,July,7,7.3
Skardu,min_temp,2008,August,8,24.8
Skardu,min_temp,2008,September,9,31.1
Skardu,min_temp,2008,October,10,16.1
Skardu,min_temp,2008,November,11,0.0
Skardu,min_temp,2008,December,12,89.5
Skardu,min_temp,2009,January,1,117.6
Skardu,min_temp,2009,February,2,65.0
Skardu,min_temp,2009,March,3,21.7
Skardu,min_temp,2009,April,4,51.2
Skardu,min_temp,2009,May,5,0.8
Skardu,min_temp,2009,June,6,5.1
Skardu,min_temp,2009,July,7,6.9
Skardu,min_temp,2009,August,8,16.3
Skardu,min_temp,2009,September,9,1.8
Skardu,min_temp,2009,October,10,4.5
Skardu,min_temp,2009,November,11,9.1
Skardu,min_temp,2009,December,12,16.1
Skardu,min_temp,2010,January,1,11.1
Skardu,min_temp,2010,February,2,124.3
Skardu,min_temp,2010,March,3,76.4
Skardu,min_temp,2010,April,4,104.4
Skardu,min_temp,2010,May,5,115.3
Skardu,min_temp,2010,June,6,5.1
Skardu,min_temp,2010,July,7,24.8
Skardu,min_temp,2010,August,8,29.6
Skardu,min_temp,2010,September,9,0.6
Skardu,min_temp,2010,October,10,2.0
Skardu,min_temp,2010,November,11,0.0
Skardu,min_temp,2010,December,12,1.8
Skardu,min_temp,2011,January,1,6.1
Skardu,min_temp,2011,February,2,60.1
Skardu,min_temp,2011,March,3,79.5
Skardu,min_temp,2011,April,4,14.0
Skardu,min_temp,2011,May,5,14.9
Skardu,min_temp,2011,June,6,6.0
Skardu,min_temp,2011,July,7,9.0
Skardu,min_temp,2011,August,8,14.8
Skardu,min_temp,2011,September,9,20.6
Skardu,min_temp,2011,October,10,1.1
Skardu,min_temp,2011,November,11,11.2
Skardu,min_temp,2011,December,12,0.0
Skardu,min_temp,2012,January,1,47.5
Skardu,min_temp,2012,February,2,50.5
Skardu,min_temp,2012,March,3,66.5
Skardu,min_temp,2012,April,4,2.0
Skardu,min_temp,2012,May,5,4.0
Skardu,min_temp,2012,June,6,4.4
Skardu,min_temp,2012,July,7,1.0
Skardu,min_temp,2012,August,8,10.1
Skardu,min_temp,2012,September,9,30.8
Skardu,min_temp,2012,October,10,0.0
Skardu,min_temp,2012,November,11,0.4
Skardu,min_temp,2012,December,12,57.3
Skardu,min_temp,2013,January,1,45.0
Skardu,min_temp,2013,February,2,35.7
Skardu,min_temp,2013,March,3,0.0
Skardu,min_temp,2013,April,4,0.0
Skardu,min_temp,2013,May,5,56.2
Skardu,min_temp,2013,June,6,0.8
Skardu,min_temp,2013,July,7,0.2
Skardu,min_temp,2013,August,8,27.1
Skardu,min_temp,2013,September,9,3.6
Skardu,min_temp,2013,October,10,0.7
Skardu,min_temp,2013,November,11,1.0
Skardu,min_temp,2013,December,12,9.4
Skardu,min_temp,2014,January,1,0.1
Skardu,min_temp,2014,February,2,2.0
Skardu,min_temp,2014,March,3,11.1
Skardu,min_temp,2014,April,4,1.2
Skardu,min_temp,2014,May,5,0.1
Skardu,min_temp,2014,June,6,0.0
Skardu,min_temp,2014,July,7,0.0
Skardu,min_temp,2014,August,8,8.0
Skardu,min_temp,2014,September,9,0.0
Skardu,min_temp,2014,October,10,0.0
Skardu,min_temp,2014,November,11,0.0
Skardu,min_temp,2014,December,12,0.0
Skardu,min_temp,2015,January,1,5.0
Skardu,min_temp,2015,February,2,8.0
Skardu,min_temp,2015,March,3,17.0
Skardu,min_temp,2015,April,4,51.1
Skardu,min_temp,2015,May,5,0.2
Skardu,min_temp,2015,June,6,50.0
Skardu,min_temp,2015,July,7,105.2
Skardu,min_temp,2015,August,8,0.0
Skardu,min_temp,2015,September,9,0.0
Skardu,min_temp,2015,October,10,0.1
Skardu,min_temp,2015,November,11,0.0
Skardu,min_temp,2015,December,12,0.0
Skardu,min_temp,2016,January,1,10.2
Skardu,min_temp,2016,February,2,0.0
Skardu,min_temp,2016,March,3,19.1
Skardu,min_temp,2016,April,4,0.0
Skardu,min_temp,2016,May,5,1.0
Skardu,min_temp,2016,June,6,11.6
Skardu,min_temp,2016,July,7,0.0
Skardu,min_temp,2016,August,8,73.0
Skardu,min_temp,2016,September,9,0.0
Skardu,min_temp,2016,October,10,0.0
Skardu,min_temp,2016,November,11,0.0
Skardu,min_temp,2016,December,12,0.0
Skardu,min_temp,2017,January,1,33.17
Skardu,min_temp,2017,February,2,0.01
Skardu,min_temp,2017,March,3,0.0
Skardu,min_temp,2017,April,4,0.0
Skardu,min_temp,2017,May,5,0.0
Skardu,min_temp,2017,June,6,58.86
Skardu,min_temp,2017,July,7,33.17
Skardu,min_temp,2017,August,8,65.71
Skardu,min_temp,2017,September,9,4.4
Skardu,min_temp,2017,October,10,0.0
Skardu,min_temp,2017,November,11,0.0
Skardu,min_temp,2017,December,12,10.0
Skardu,min_temp,2018,January,1,25.0
Skardu,min_temp,2018,February,2,7.06
Skardu,min_temp,2018,March,3,5.0
Skardu,min_temp,2018,April,4,14.2
Skardu,min_temp,2018,May,5,0.01
Skardu,min_temp,2018,June,6,31.74
Skardu,min_temp,2018,July,7,4.37
Skardu,min_temp,2018,August,8,10.81
Skardu,min_temp,2018,September,9,9.07
Skardu,min_temp,2018,October,10,10.2
Skardu,min_temp,2018,November,11,2.0
Skardu,min_temp,2018,December,12,0.0
Skardu,min_temp,2019,January,1,35.73
Skardu,min_temp,2019,February,2,69.76
Skardu,min_temp,2019,March,3,30.62
Skardu,min_temp,2019,April,4,5.02
Skardu,min_temp,2019,May,5,0.07
Skardu,min_temp,2019,June,6,54.48
Skardu,min_temp,2019,July,7,1.23
Skardu,min_temp,2019,August,8,32.55
Skardu,min_temp,2019,September,9,0.21
Skardu,min_temp,2019,October,10,5.21
Skardu,min_temp,2019,November,11,28.84
Skardu,min_temp,2019,December,12,16.61
Hunza,max_temp,2007,January,1,5.1
Hunza,max_temp,2007,February,2,8.6
Hunza,max_temp,2007,March,3,10.5
Hunza,max_temp,2007,April,4,21.5
Hunza,max_temp,2007,May,5,24.5
Hunza,max_temp,2007,June,6,27.7
Hunza,max_temp,2007,July,7,27.5
Hunza,max_temp,2007,August,8,28.0
Hunza,max_temp,2007,September,9,24.7
Hunza,max_temp,2007,October,10,18.3
Hunza,max_temp,2007,November,11,15.5
Hunza,max_temp,2007,December,12,5.3
Hunza,max_temp,2008,January,1,0.5
Hunza,max_temp,2008,February,2,5.7
Hunza,max_temp,2008,March,3,15.1
Hunza,max_temp,2008,April,4,17.4
Hunza,max_temp,2008,May,5,24.2
Hunza,max_temp,2008,June,6,29.7
Hunza,max_temp,2008,July,7,29.1
Hunza,max_temp,2008,August,8,29.5
Hunza,max_temp,2008,September,9,23.2
Hunza,max_temp,2008,October,10,19.9
Hunza,max_temp,2008,November,11,12.5
Hunza,max_temp,2008,December,12,6.2
Hunza,max_temp,2009,January,1,1.9
Hunza,max_temp,2009,February,2,4.6
Hunza,max_temp,2009,March,3,11.5
Hunza,max_temp,2009,April,4,15.7
Hunza,max_temp,2009,May,5,22.4
Hunza,max_temp,2009,June,6,23.4
Hunza,max_temp,2009,July,7,27.6
Hunza,max_temp,2009,August,8,30.1
Hunza,max_temp,2009,September,9,21.8
Hunza,max_temp,2009,October,10,17.7
Hunza,max_temp,2009,November,11,12.2
Hunza,max_temp,2009,December,12,4.8
Hunza,max_temp,2010,January,1,6.1
Hunza,max_temp,2010,February,2,5.7
Hunza,max_temp,2010,March,3,15.3
Hunza,max_temp,2010,April,4,16.4
Hunza,max_temp,2010,May,5,19.7
Hunza,max_temp,2010,June,6,23.1
Hunza,max_temp,2010,July,7,26.0
Hunza,max_temp,2010,August,8,26.5
Hunza,max_temp,2010,September,9,22.5
Hunza,max_temp,2010,October,10,20.1
Hunza,max_temp,2010,November,11,15.7
Hunza,max_temp,2010,December,12,8.5
Hunza,max_temp,2011,January,1,4.3
Hunza,max_temp,2011,February,2,4.7
Hunza,max_temp,2011,March,3,12.4
Hunza,max_temp,2011,April,4,18.0
Hunza,max_temp,2011,May,5,24.5
Hunza,max_temp,2011,June,6,28.7
Hunza,max_temp,2011,July,7,27.6
Hunza,max_temp,2011,August,8,29.4
Hunza,max_temp,2011,September,9,25.1
Hunza,max_temp,2011,October,10,19.2
Hunza,max_temp,2011,November,11,13.1
Hunza,max_temp,2011,December,12,7.5
Hunza,max_temp,2012,January,1,3.4
Hunza,max_temp,2012,February,2,4.7
Hunza,max_temp,2012,March,3,11.1
Hunza,max_temp,2012,April,4,17.9
Hunza,max_temp,2012,May,5,19.6
Hunza,max_temp,2012,June,6,26.0
Hunza,max_temp,2012,July,7,31.0
Hunza,max_temp,2012,August,8,29.9
Hunza,max_temp,2012,September,9,22.9
Hunza,max_temp,2012,October,10,18.3
Hunza,max_temp,2012,November,11,13.7
Hunza,max_temp,2012,December,12,6.0
Hunza,max_temp,2013,January,1,3.9
Hunza,max_temp,2013,February,2,7.3
Hunza,max_temp,2013,March,3,15.2
Hunza,max_temp,2013,April,4,18.1
Hunza,max_temp,2013,May,5,20.7
Hunza,max_temp,2013,June,6,28.5
Hunza,max_temp,2013,July,7,30.0
Hunza,max_temp,2013,August,8,27.6
Hunza,max_temp,2013,September,9,27.9
Hunza,max_temp,2013,October,10,22.7
Hunza,max_temp,2013,November,11,12.3
Hunza,max_temp,2013,December,12,6.9
Hunza,max_temp,2014,January,1,3.7
Hunza,max_temp,2014,February,2,6.9
Hunza,max_temp,2014,March,3,11.2
Hunza,max_temp,2014,April,4,16.7
Hunza,max_temp,2014,May,5,22.5
Hunza,max_temp,2014,June,6,27.3
Hunza,max_temp,2014,July,7,31.2
Hunza,max_temp,2014,August,8,28.2
Hunza,max_temp,2014,September,9,25.5
Hunza,max_temp,2014,October,10,18.4
Hunza,max_temp,2014,November,11,12.6
Hunza,max_temp,2014,December,12,6.8
Hunza,max_temp,2015,January,1,6.2032
Hunza,max_temp,2015,February,2,8.0214
Hunza,max_temp,2015,March,3,11.642
Hunza,max_temp,2015,April,4,19.283
Hunza,max_temp,2015,May,5,22.49
Hunza,max_temp,2015,June,6,25.603
Hunza,max_temp,2015,July,7,26.0
Hunza,max_temp,2015,August,8,28.5
Hunza,max_temp,2015,September,9,27.5
Hunza,max_temp,2015,October,10,6.129
Hunza,max_temp,2015,November,11,10.404
Hunza,max_temp,2015,December,12,6.6071
Hunza,max_temp,2016,January,1,6.25
Hunza,max_temp,2016,February,2,10.0
Hunza,max_temp,2016,March,3,13.2
Hunza,max_temp,2016,April,4,15.683
Hunza,max_temp,2016,May,5,23.94
Hunza,max_temp,2016,June,6,28.189
Hunza,max_temp,2016,July,7,29.483
Hunza,max_temp,2016,August,8,26.224
Hunza,max_temp,2016,September,9,26.778
Hunza,max_temp,2016,October,10,22.129
Hunza,max_temp,2016,November,11,12.897
Hunza,max_temp,2016,December,12,10.129
Hunza,max_temp,2017,January,1,4.8387
Hunza,max_temp,2017,February,2,6.7778
Hunza,max_temp,2017,March,3,10.274
Hunza,max_temp,2017,April,4,17.7
Hunza,max_temp,2017,May,5,25.258
Hunza,max_temp,2017,June,6,28.962
Hunza,max_temp,2017,July,7,29.617
Hunza,max_temp,2017,August,8,30.023
Hunza,max_temp,2017,September,9,26.831
Hunza,max_temp,2017,October,10,21.932
Hunza,max_temp,2017,November,11,15.41
Hunza,max_temp,2017,December,12,7.5567
Hunza,max_temp,2018,January,1,6.087096774193549
Hunza,max_temp,2018,February,2,9.128571428571428
Hunza,max_temp,2018,March,3,15.048387096774194
Hunza,max_temp,2018,April,4,20.723333333333336
Hunza,max_temp,2018,May,5,22.02068965517241
Hunza,max_temp,2018,June,6,28.31333333333333
Hunza,max_temp,2018,July,7,31.416129032258066
Hunza,max_temp,2018,August,8,33.26129032258065
Hunza,max_temp,2018,September,9,26.90344827586206
Hunza,max_temp,2018,October,10,19.116129032258065
Hunza,max_temp,2018,November,11,11.1
Hunza,max_temp,2018,December,12,6.612903225806452
Hunza,max_temp,2019,January,1,1.2258064516129032
Hunza,max_temp,2019,February,2,4.357142857142857
Hunza,max_temp,2019,March,3,11.0
Hunza,max_temp,2019,April,4,18.6
Hunza,max_temp,2019,May,5,23.5
Hunza,max_temp,2019,June,6,24.0
Hunza,max_temp,2019,July,7,33.3
Hunza,max_temp,2019,August,8,31.0
Hunza,max_temp,2019,September,9,29.6
Hunza,max_temp,2019,October,10,17.9
Hunza,max_temp,2019,November,11,9.7
Hunza,max_temp,2019,December,12,4.2
Hunza,min_temp,2007,January,1,-7.3
Hunza,min_temp,2007,February,2,0.7
Hunza,min_temp,2007,March,3,0.7
Hunza,min_temp,2007,April,4,6.5
Hunza,min_temp,2007,May,5,10.4
Hunza,min_temp,2007,June,6,12.0
Hunza,min_temp,2007,July,7,13.2
Hunza,min_temp,2007,August,8,13.8
Hunza,min_temp,2007,September,9,10.1
Hunza,min_temp,2007,October,10,4.1
Hunza,min_temp,2007,November,11,1.5
Hunza,min_temp,2007,December,12,-2.1
Hunza,min_temp,2008,January,1,-8.2
Hunza,min_temp,2008,February,2,-3.8
Hunza,min_temp,2008,April,4,5.6
Hunza,min_temp,2008,May,5,9.4
Hunza,min_temp,2008,June,6,13.6
Hunza,min_temp,2008,July,7,14.4
Hunza,min_temp,2008,August,8,13.8
Hunza,min_temp,2008,September,9,7.6
Hunza,min_temp,2008,October,10,3.9
Hunza,min_temp,2008,November,11,1.9
Hunza,min_temp,2008,December,12,-4.1
Hunza,min_temp,2009,January,1,-7.3
Hunza,min_temp,2009,February,2,-3.5
Hunza,min_temp,2009,March,3,-0.4
Hunza,min_temp,2009,April,4,4.3
Hunza,min_temp,2009,May,5,6.9
Hunza,min_temp,2009,June,6,8.5
Hunza,min_temp,2009,July,7,12.5
Hunza,min_temp,2009,August,8,12.2
Hunza,min_temp,2009,September,9,6.2
Hunza,min_temp,2009,October,10,3.0
Hunza,min_temp,2009,November,11,-2.1
Hunza,min_temp,2009,December,12,-6.9
Hunza,min_temp,2010,January,1,-4.1
Hunza,min_temp,2010,February,2,-2.5
Hunza,min_temp,2010,March,3,3.3
Hunza,min_temp,2010,April,4,4.8
Hunza,min_temp,2010,May,5,7.0
Hunza,min_temp,2010,June,6,9.1
Hunza,min_temp,2010,July,7,10.8
Hunza,min_temp,2010,August,8,11.8
Hunza,min_temp,2010,September,9,7.9
Hunza,min_temp,2010,October,10,3.3
Hunza,min_temp,2010,November,11,-0.5
Hunza,min_temp,2010,December,12,-6.5
Hunza,min_temp,2011,January,1,-8.6
Hunza,min_temp,2011,February,2,-5.2
Hunza,min_temp,2011,March,3,0.3
Hunza,min_temp,2011,April,4,4.0
Hunza,min_temp,2011,May,5,7.6
Hunza,min_temp,2011,June,6,10.8
Hunza,min_temp,2011,July,7,12.1
Hunza,min_temp,2011,August,8,12.2
Hunza,min_temp,2011,September,9,8.9
Hunza,min_temp,2011,October,10,3.7
Hunza,min_temp,2011,November,11,1.0
Hunza,min_temp,2011,December,12,-4.3
Hunza,min_temp,2012,January,1,-7.0
Hunza,min_temp,2012,February,2,-3.6
Hunza,min_temp,2012,March,3,-0.6
Hunza,min_temp,2012,April,4,4.9
Hunza,min_temp,2012,May,5,5.7
Hunza,min_temp,2012,June,6,9.6
Hunza,min_temp,2012,July,7,11.9
Hunza,min_temp,2012,August,8,12.4
Hunza,min_temp,2012,September,9,9.0
Hunza,min_temp,2012,October,10,3.7
Hunza,min_temp,2012,November,11,0.7
Hunza,min_temp,2012,December,12,-4.1
Hunza,min_temp,2013,January,1,-7.7
Hunza,min_temp,2013,February,2,-2.1
Hunza,min_temp,2013,March,3,2.3
Hunza,min_temp,2013,April,4,5.4
Hunza,min_temp,2013,May,5,6.8
Hunza,min_temp,2013,June,6,11.8
Hunza,min_temp,2013,July,7,13.8
Hunza,min_temp,2013,August,8,13.5
Hunza,min_temp,2013,September,9,9.9
Hunza,min_temp,2013,October,10,6.9
Hunza,min_temp,2013,November,11,-0.6
Hunza,min_temp,2013,December,12,-3.1
Hunza,min_temp,2014,January,1,-6.3
Hunza,min_temp,2014,February,2,-2.7
Hunza,min_temp,2014,March,3,1.1
Hunza,min_temp,2014,April,4,4.4
Hunza,min_temp,2014,May,5,8.2
Hunza,min_temp,2014,June,6,11.3
Hunza,min_temp,2014,July,7,14.2
Hunza,min_temp,2014,August,8,12.6
Hunza,min_temp,2014,September,9,9.8
Hunza,min_temp,2014,October,10,5.1
Hunza,min_temp,2014,November,11,0.1
Hunza,min_temp,2014,December,12,-3.7
Hunza,min_temp,2015,January,1,-4.4207
Hunza,min_temp,2015,February,2,-2.0786
Hunza,min_temp,2015,March,3,1.2733
Hunza,min_temp,2015,April,4,5.7967
Hunza,min_temp,2015,May,5,8.0806
Hunza,min_temp,2015,June,6,11.247
Hunza,min_temp,2015,July,7,15.962
Hunza,min_temp,2015,August,8,15.726
Hunza,min_temp,2015,September,9,10.69
Hunza,min_temp,2015,October,10,24.333
Hunza,min_temp,2015,November,11,1.975
Hunza,min_temp,2015,December,12,-4.231
Hunza,min_temp,2016,January,1,-4.0367
Hunza,min_temp,2016,February,2,-0.017241
Hunza,min_temp,2016,March,3,3.8871
Hunza,min_temp,2016,April,4,5.4
Hunza,min_temp,2016,May,5,9.8839
Hunza,min_temp,2016,June,6,13.01
Hunza,min_temp,2016,July,7,15.117
Hunza,min_temp,2016,August,8,14.845
Hunza,min_temp,2016,September,9,11.086
Hunza,min_temp,2016,October,10,7.0484
Hunza,min_temp,2016,November,11,-0.11379
Hunza,min_temp,2016,December,12,-4.5867
Hunza,min_temp,2017,January,1,-2.5871
Hunza,min_temp,2017,February,2,-0.42857
Hunza,min_temp,2017,March,3,2.3871
Hunza,min_temp,2017,April,4,6.8667
Hunza,min_temp,2017,May,5,10.452
Hunza,min_temp,2017,June,6,13.528
Hunza,min_temp,2017,July,7,14.541
Hunza,min_temp,2017,August,8,12.677
Hunza,min_temp,2017,September,9,8.44
Hunza,min_temp,2017,October,10,5.6742
Hunza,min_temp,2017,November,11,1.5333
Hunza,min_temp,2017,December,12,-0.57333
Hunza,min_temp,2018,January,1,-4.938709677419355
Hunza,min_temp,2018,February,2,-0.48461538461538467
Hunza,min_temp,2018,March,3,3.81
Hunza,min_temp,2018,April,4,6.416666666666668
Hunza,min_temp,2018,May,5,7.787999999999999
Hunza,min_temp,2018,June,6,11.883333333333333
Hunza,min_temp,2018,July,7,13.474193548387097
Hunza,min_temp,2018,August,8,14.136666666666667
Hunza,min_temp,2018,September,9,10.914814814814815
Hunza,min_temp,2018,October,10,3.9806451612903224
Hunza,min_temp,2018,November,11,0.22
Hunza,min_temp,2018,December,12,-3.9516129032258065
Hunza,min_temp,2019,January,1,-5.1
Hunza,min_temp,2019,February,2,-3.3
Hunza,min_temp,2019,March,3,0.1
Hunza,min_temp,2019,April,4,6.2
Hunza,min_temp,2019,May,5,8.0
Hunza,min_temp,2019,June,6,9.7
Hunza,min_temp,2019,July,7,14.9
Hunza,min_temp,2019,August,8,14.6
Hunza,min_temp,2019,September,9,13.0
Hunza,min_temp,2019,October,10,6.0
Hunza,min_temp,2019,November,11,1.7
Hunza,min_temp,2019,December,12,-4.5
Hunza,precipitation,2007,January,1,4.2
Hunza,precipitation,2007,February,2,0.0
Hunza,precipitation,2007,March,3,16.0
Hunza,precipitation,2007,April,4,36.0
Hunza,precipitation,2007,May,5,8.0
Hunza,precipitation,2007,June,6,15.0
Hunza,precipitation,2007,July,7,30.0
Hunza,precipitation,2007,August,8,19.0
Hunza,precipitation,2007,September,9,21.0
Hunza,precipitation,2007,October,10,0.0
Hunza,precipitation,2007,November,11,0.0
Hunza,precipitation,2007,December,12,0.0
Hunza,precipitation,2008,January,1,2.0
Hunza,precipitation,2008,February,2,0.0
Hunza,precipitation,2008,March,3,10.0
Hunza,precipitation,2008,April,4,18.0
Hunza,precipitation,2008,May,5,18.0
Hunza,precipitation,2008,June,6,11.1
Hunza,precipitation,2008,July,7,30.0
Hunza,precipitation,2008,August,8,21.0
Hunza,precipitation,2008,September,9,17.3
Hunza,precipitation,2008,October,10,11.2
Hunza,precipitation,2008,November,11,0.0
Hunza,precipitation,2008,December,12,12.6
Hunza,precipitation,2009,January,1,24.1
Hunza,precipitation,2009,February,2,12.6
Hunza,precipitation,2009,March,3,7.0
Hunza,precipitation,2009,April,4,21.0
Hunza,precipitation,2009,May,5,22.2
Hunza,precipitation,2009,June,6,19.4
Hunza,precipitation,2009,July,7,4.1
Hunza,precipitation,2009,August,8,12.8
Hunza,precipitation,2009,September,9,10.3
Hunza,precipitation,2009,October,10,6.4
Hunza,precipitation,2009,November,11,0.0
Hunza,precipitation,2009,December,12,8.9
Hunza,precipitation,2010,January,1,0.8
Hunza,precipitation,2010,February,2,2.4
Hunza,precipitation,2010,March,3,11.4
Hunza,precipitation,2010,April,4,24.7
Hunza,precipitation,2010,May,5,52.2
Hunza,precipitation,2010,June,6,12.1
Hunza,precipitation,2010,July,7,68.1
Hunza,precipitation,2010,August,8,29.8
Hunza,precipitation,2010,September,9,22.0
Hunza,precipitation,2010,October,10,6.0
Hunza,precipitation,2010,November,11,0.0
Hunza,precipitation,2010,December,12,0.5
Hunza,precipitation,2011,January,1,6.1
Hunza,precipitation,2011,February,2,2.8
Hunza,precipitation,2011,March,3,2.8
Hunza,precipitation,2011,April,4,14.6
Hunza,precipitation,2011,May,5,22.6
Hunza,precipitation,2011,June,6,13.6
Hunza,precipitation,2011,July,7,20.2
Hunza,precipitation,2011,August,8,30.8
Hunza,precipitation,2011,September,9,65.4
Hunza,precipitation,2011,October,10,18.6
Hunza,precipitation,2011,November,11,4.6
Hunza,precipitation,2011,December,12,-1.0
Hunza,precipitation,2012,January,1,0.4
Hunza,precipitation,2012,February,2,5.6
Hunza,precipitation,2012,March,3,4.0
Hunza,precipitation,2012,April,4,43.0
Hunza,precipitation,2012,May,5,17.6
Hunza,precipitation,2012,June,6,10.0
Hunza,precipitation,2012,July,7,4.0
Hunza,precipitation,2012,August,8,20.8
Hunza,precipitation,2012,September,9,40.1
Hunza,precipitation,2012,October,10,3.6
Hunza,precipitation,2012,November,11,0.6
Hunza,precipitation,2012,December,12,3.6
Hunza,precipitation,2013,January,1,1.4
Hunza,precipitation,2013,February,2,5.6
Hunza,precipitation,2013,March,3,0.6
Hunza,precipitation,2013,April,4,13.8
Hunza,precipitation,2013,May,5,31.1
Hunza,precipitation,2013,June,6,4.6
Hunza,precipitation,2013,July,7,9.4
Hunza,precipitation,2013,August,8,39.6
Hunza,precipitation,2013,September,9,18.4
Hunza,precipitation,2013,October,10,1.8
Hunza,precipitation,2013,November,11,2.0
Hunza,precipitation,2013,December,12,-1.0
Hunza,precipitation,2014,January,1,4.6
Hunza,precipitation,2014,February,2,0.0
Hunza,precipitation,2014,March,3,5.2
Hunza,precipitation,2014,April,4,12.2
Hunza,precipitation,2014,May,5,10.6
Hunza,precipitation,2014,June,6,17.8
Hunza,precipitation,2014,July,7,33.0
Hunza,precipitation,2014,August,8,23.8
Hunza,precipitation,2014,September,9,41.3
Hunza,precipitation,2014,October,10,23.6
Hunza,precipitation,2014,November,11,0.8
Hunza,precipitation,2014,December,12,0.0
Hunza,precipitation,2015,January,1,1.1
Hunza,precipitation,2015,February,2,3.3
Hunza,precipitation,2015,March,3,16.0
Hunza,precipitation,2015,April,4,19.4
Hunza,precipitation,2015,May,5,23.4
Hunza,precipitation,2015,June,6,27.0
Hunza,precipitation,2015,July,7,24.7
Hunza,precipitation,2015,August,8,11.8
Hunza,precipitation,2015,September,9,21.3
Hunza,precipitation,2015,October,10,14.6
Hunza,precipitation,2015,November,11,6.7
Hunza,precipitation,2015,December,12,0.0
Hunza,precipitation,2016,January,1,0.0
Hunza,precipitation,2016,February,2,0.0
Hunza,precipitation,2016,March,3,7.5
Hunza,precipitation,2016,April,4,44.0
Hunza,precipitation,2016,May,5,26.8
Hunza,precipitation,2016,June,6,4.8
Hunza,precipitation,2016,July,7,30.0
Hunza,precipitation,2016,August,8,11.5
Hunza,precipitation,2016,September,9,0.2
Hunza,precipitation,2016,October,10,0.0
Hunza,precipitation,2016,November,11,0.0
Hunza,precipitation,2016,December,12,0.0
Hunza,precipitation,2017,January,1,0.04
Hunza,precipitation,2017,February,2,6.05
Hunza,precipitation,2017,March,3,2.55
Hunza,precipitation,2017,April,4,25.14
Hunza,precipitation,2017,May,5,0.01
Hunza,precipitation,2017,June,6,0.0
Hunza,precipitation,2017,July,7,0.0
Hunza,precipitation,2017,August,8,32.64
Hunza,precipitation,2017,September,9,2.44
Hunza,precipitation,2017,October,10,0.41
Hunza,precipitation,2017,November,11,0.0
Hunza,precipitation,2017,December,12,0.0
Hunza,precipitation,2018,January,1,0.0
Hunza,precipitation,2018,February,2,0.01
Hunza,precipitation,2018,March,3,13.81
Hunza,precipitation,2018,April,4,12.01
Hunza,precipitation,2018,May,5,7.22
Hunza,precipitation,2018,June,6,5.0
Hunza,precipitation,2018,July,7,18.0
Hunza,precipitation,2018,August,8,0.0
Hunza,precipitation,2018,September,9,7.329999999999999
Hunza,precipitation,2018,October,10,0.02
Hunza,precipitation,2018,November,11,9.71
Hunza,precipitation,2018,December,12,42.709999999999994
Hunza,precipitation,2019,January,1,45.2
Hunza,precipitation,2019,February,2,8.52
Hunza,precipitation,2019,March,3,0.01
Hunza,precipitation,2019,April,4,2.0
Hunza,precipitation,2019,May,5,0.0
Hunza,precipitation,2019,June,6,7.5
Hunza,precipitation,2019,July,7,4.0
Hunza,precipitation,2019,August,8,4.0
Hunza,precipitation,2019,September,9,0.0
Hunza,precipitation,2019,October,10,0.0
Hunza,precipitation,2019,November,11,0.0
Hunza,precipitation,2019,December,12,1.0
